"RowIndex","English","Translation","Status"
"1","Maintenance and care","Onderhoud en verzorging","Translated"
"2","Maintenance and care","Onderhoud en verzorging","Translated"
"3","Care:","Verzorging:","Translated"
"4","Exterior","Buitenkant","Translated"
"5","Cleaning:","Schoonmaken:","Translated"
"6","Exterior","Buitenkant","Translated"
"7","Cleaning","Schoonmaken","Translated"
"8","Washing and waxing","Wassen en in de was zetten","Translated"
"9","Cleaning and protecting the vehicle exterior","De buitenkant van de auto schoonmaken en beschermen","Translated"
"10","Perform cleaning in a manner appropriate to each component and its material.","Maak elk onderdeel schoon op een manier die geschikt is voor het onderdeel en het materiaal waarvan het is gemaakt.","Translated"
"11","Cleaning instructions","Schoonmaakinstructies","Translated"
"12","Working from top to bottom, liberally apply water to the vehicle body, wheel wells and underside of the vehicle to remove any dirt and dust.","Werk van boven naar beneden. Breng een ruime hoeveelheid water aan op de carrosserie van de auto, de wielkasten en de onderkant van de auto, om vuil en stof te verwijderen.","Translated"
"13","Wash the vehicle body using a sponge or soft cloth, such as a chamois.","Was de carrosserie van de auto met een spons of zachte doek, zoals een zeemleer.","Translated"
"14","For hard-to-remove marks, use car wash soap and rinse thoroughly with water.","Voor hardnekkig vuil gebruikt u autoshampoo, die u daarna grondig afspoelt met water.","Translated"
"15","Wipe away any water.","Veeg al het water weg.","Translated"
"16","Wax the vehicle when the waterproof coating deteriorates.","Breng een laag was aan op de auto wanneer de kwaliteit van de waterbestendige coating afneemt.","Translated"
"17","If water does not bead on a clean surface, apply wax when the vehicle body is cool.","Als water geen losse druppels vormt op een schoon oppervlak van de auto, wacht u tot de carrosserie koel is en brengt u er was op aan.","Translated"
"18","Self-restoring coat","Zelfherstellende coating","Translated"
"19","The vehicle body has a self-restoring coating that is resistant to small surface scratches caused in a car wash, etc.","De carrosserie is voorzien van een zelfherstellende coating die bestand is tegen kleine, oppervlakkige krassen veroorzaakt in een wasstraat e.d.","Translated"
"20","The coating lasts for 5 to 8 years from when the vehicle is delivered from the plant.","De coating gaat 5 tot 8 jaar mee vanaf het moment dat de auto uit de fabriek komt.","Translated"
"21","The restoration time differs depending on the depth of the scratch and outside temperature. ","De hersteltijd varieert afhankelijk van de diepte van de kras en de buitentemperatuur. ","Translated"
"22","The restoration time may become shorter when the coating is warmed by applying warm water.","De hersteltijd kan worden verkort door de coating op te warmen door er warm water overheen te gieten.","Translated"
"23","Deep scratches caused by keys, coins, etc., cannot be restored.","Diepe krassen veroorzaakt door sleutels, munten, enz. kunnen niet worden hersteld.","Translated"
"24","Do not use wax that contain abrasives.","Gebruik geen was die schuurmiddel bevat.","Translated"
"25","Automatic car washes","Automatische wasstraten","Translated"
"26","Before washing the vehicle:","Voordat u de auto wast:","Translated"
"27","Fold the mirrors","Klap de spiegels in","Translated"
"28","Turn off the power back door","Schakel de elektrisch bedienbare bagageklep uit","Translated"
"29","Start washing from the front of the vehicle. ","Begin met wassen aan de voorkant van de auto. ","Translated"
"30","Extend the mirrors before driving.","Klap de spiegels uit voordat u gaat rijden.","Translated"
"31","Brushes used in automatic car washes may scratch the vehicle surface, parts (wheel, etc.) and harm your vehicle’s paint.","De borstels van automatische wasstraten kunnen leiden tot krassen in de onderdelen van de auto die aan de oppervlakte liggen (velgen, enz.) en schadelijk zijn voor de lak.","Translated"
"32","Rear spoiler may not be washable in some automatic car washes. ","De achterspoiler is mogelijk niet te wassen in bepaalde automatische wasstraten. ","Translated"
"33","There may also be an increased risk of damage to vehicle.","Ook kan er een verhoogd risico zijn op schade aan de auto.","Translated"
"34","When using an automatic carwashes, etc. the shift position needs to be held in N, refer to <Tag pos=""Point"" x=""2"" type=""InlineVariable"">&lt;xref type = &quot;P.page&quot; srcfile = &quot;A6790GEtoeuenvhch05.xml#ch05se0204020507&quot;/&gt;</Tag>.","Bij het gebruik van een automatische wasstraat e.d. moet de versnellingsstand in N worden gehouden; raadpleeg hiervoor <Tag pos=""Point"" x=""2"" type=""InlineVariable"">&lt;xref type = &quot;P.page&quot; srcfile = &quot;A6790GEtoeuenvhch05.xml#ch05se0204020507&quot;/&gt;</Tag>.","Translated"
"35","High pressure car washes","Hogedrukwasstraten","Translated"
"36","As water may enter the cabin, do not bring the nozzle tip near the gaps around the doors or perimeter of the windows, or spray these areas continuously.","Aangezien water in de cabine kan doordringen, moet u het mondstuk uit de buurt houden van de omtrek van de portieren en ruiten, en moet u ervoor zorgen dat er niet continu water langs loopt.","Translated"
"37","Note for a smart entry &amp; start system","Opmerking voor Smart Entry met startsysteem","Translated"
"38","If the door handle becomes wet while the electronic key is within the effective range, the door may lock and unlock repeatedly. ","Als de portierhandgreep nat wordt terwijl de elektronische sleutel zich binnen het effectieve bereik bevindt, kan het portier herhaaldelijk worden vergrendeld en ontgrendeld. ","Translated"
"39","In that case, follow the following correction procedures to wash the vehicle:","Volg in dat gevolg de volgende correctieprocedures om de auto te wassen:","Translated"
"40","Place the key in a position 2 m (6 ft.) or more separate from the vehicle while the vehicle is being washed. ","Plaats de sleutel op minimaal 2 m afstand van de auto wanneer de auto wordt gewassen. ","Translated"
"41","(Take care to ensure that the key is not stolen.)","(Zorg dat de sleutel niet wordt gestolen.)","Translated"
"42","Set the electronic key to battery-saving mode to disable the smart entry &amp; start system ","Stel de elektronische sleutel in op de batterijspaarmodus, om Smart Entry met startsysteem uit te schakelen ","Translated"
"43","(<NU x=""2"" g=""2"">&amp;rarr;</NU><Tag pos=""Point"" x=""3"" type=""InlineVariable"" g=""3"">&lt;xref type = &quot;P.page&quot; srcfile = &quot;A6790GEtoeuenvhch04.xml#ch04se02040305020605&quot; ref_em = &quot;yes&quot; ref_pm = &quot;yes&quot; ref_fullpm = &quot;yes&quot;/&gt;</Tag>)","(<NU x=""2"" g=""2"">&amp;rarr;</NU><Tag pos=""Point"" x=""3"" type=""InlineVariable"" g=""3"">&lt;xref type = &quot;P.page&quot; srcfile = &quot;A6790GEtoeuenvhch04.xml#ch04se02040305020605&quot; ref_em = &quot;yes&quot; ref_pm = &quot;yes&quot; ref_fullpm = &quot;yes&quot;/&gt;</Tag>)",""
"44","If the electronic key is inside the vehicle and a door handle becomes wet during a car wash, a buzzer may sound outside the vehicle and “<Tag pos=""Point"" x=""2"" type=""Inline"">&lt;function&gt;Key Detected In Vehicle&lt;/function&gt;</Tag>” may be shown on the multi-information display. ","Als de elektronische sleutel zich in de auto bevindt en een portierhandgreep nat wordt tijdens het wassen van de auto, kan een zoemer klinken buiten de auto en kan “<Tag pos=""Point"" x=""2"" type=""Inline"">&lt;function&gt;Key Detected In Vehicle&lt;/function&gt;</Tag>” worden weergegeven op het multi-informatiedisplay. ","Translated"
"45","To turn off the alarm, lock all the doors.","Om het alarm uit te schakelen, vergrendelt u alle portieren.","Translated"
"46","Care:","Verzorging:","Translated"
"47","Aluminum wheels","Aluminium velgen","Translated"
"48","Cleaning:","Schoonmaken:","Translated"
"49","Aluminum wheels","Aluminium velgen","Translated"
"50","Wheels and wheel ornaments","Velgen en siervelgen","Translated"
"51","Remove any dirt immediately by using a neutral detergent.","Verwijder eventueel vuil onmiddellijk met een neutraal schoonmaakmiddel.","Translated"
"52","Wash detergent off with water immediately after use.","Spoel het schoonmaakmiddel meteen na gebruik weg met water.","Translated"
"53","To protect the paint from damage, make sure to observe the following precautions.","Houd u aan de volgende voorzorgsmaatregelen om lakschade te voorkomen.","Translated"
"54","Do not use acidic, alkaline or abrasive detergent.","Gebruik geen zuur, alkalisch of schurend schoonmaakmiddel.","Translated"
"55","Do not use hard brushes.","Gebruik geen harde borstels.","Translated"
"56","Do not use detergent on the wheels when they are hot, such as after driving or parking in hot weather.","Breng geen schoonmaakmiddel aan op de wielen wanneer deze warm zijn, zoals na het rijden of nadat de auto geparkeerd heeft gestaan in warm weer.","Translated"
"57","Brake pads and calipers","Remblokken en remklauwen","Translated"
"58","Rust may form if the vehicle is parked with wet brake pads or disc rotors, causing them to stick. ","Als de auto wordt geparkeerd met natte remblokken of schijfrotoren, kan roestvorming optreden, waardoor deze onderdelen blijven hangen. ","Translated"
"59","Before parking the vehicle after it is washed, drive slowly and apply the brakes several times to dry the parts.","Nadat u de auto hebt gewassen, rijdt u er langzaam mee en trapt u meerdere keren op de rem om de onderdelen te drogen. Daarna kunt u de auto parkeren.","Translated"
"60","Bumpers","Bumpers","Translated"
"61","Do not scrub with abrasive cleaners.","Schrob niet met schuurmiddelen.","Translated"
"62","Plated portions","Onderdelen bedekt met platen","Translated"
"63","If dirt cannot be removed, clean the parts as follows:","Als vuil niet kan worden verwijderd, maakt u de onderdelen als volgt schoon:","Translated"
"64","Use a soft cloth dampened with an approximately 5% solution of neutral detergent and water to clean the dirt off.","Bevochtig een zachte doek met een oplossing van ongeveer 5% neutraal oplosmiddel in water om het vuil te verwijderen.","Translated"
"65","Wipe the surface with a dry, soft cloth to remove any remaining moisture.","Neem het oppervlak af met een droge, zachte doek om achtergebleven vocht te verwijderen.","Translated"
"66","To remove oily deposits, use alcohol wet wipes or a similar product.","Om olieafzettingen te verwijderen, gebruikt u alcoholdoekjes of een soortgelijk product.","Translated"
"67","When washing the vehicle","Bij het wassen van de auto","Translated"
"68","Do not apply water to the inside of the motor compartment. ","Breng geen water aan in de motorruimte. ","Translated"
"69","Doing so may cause the electrical components, etc. to catch fire.","Als u dit doet, kan dit ertoe leiden dat de elektrische componenten e.d. vlam vatten.","Translated"
"70","When cleaning the windshield","Bij het schoonmaken van de voorruit","Translated"
"71","Set the wiper switch to off.","Zet de schakelaar voor de ruitenwissers in de uitgeschakelde stand.","Translated"
"72","If the wiper switch is in AUTO, the wipers may operate unexpectedly in the following situations, and may result in hands being caught or other serious injuries and cause damage to the wiper blades.","Als de schakelaar voor de ruitenwissers in de automatische modus staat, kunnen de ruitenwissers in de volgende situaties onverwacht worden geactiveerd, wat kan leiden tot vastzittende handen, ander ernstig letsel, en schade aan de ruitenwissers.","Translated"
"73","<Tag pos=""Point"" x=""3"" type=""InlineImage"">&lt;symbol href = &quot;../common/step_a.eps&quot; width = &quot;4.177mm&quot; height = &quot;4.176mm&quot; xoffset = &quot;0.000mm&quot; yoffset = &quot;0.000mm&quot;/&gt;</Tag>","<Tag pos=""Point"" x=""3"" type=""InlineImage"">&lt;symbol href = &quot;../common/step_a.eps&quot; width = &quot;4.177mm&quot; height = &quot;4.176mm&quot; xoffset = &quot;0.000mm&quot; yoffset = &quot;0.000mm&quot;/&gt;</Tag>",""
"74","Off","Uit","Translated"
"75","<Tag pos=""Point"" x=""2"" type=""InlineImage"">&lt;symbol href = &quot;../common/step_b.eps&quot; width = &quot;4.177mm&quot; height = &quot;4.176mm&quot; xoffset = &quot;0.000mm&quot; yoffset = &quot;0.000mm&quot;/&gt;</Tag>","<Tag pos=""Point"" x=""2"" type=""InlineImage"">&lt;symbol href = &quot;../common/step_b.eps&quot; width = &quot;4.177mm&quot; height = &quot;4.176mm&quot; xoffset = &quot;0.000mm&quot; yoffset = &quot;0.000mm&quot;/&gt;</Tag>",""
"76","AUTO","AUTO","Translated"
"77","When the upper part of the windshield where the raindrop sensor is located is touched by hand","Wanneer het bovenste gedeelte van de voorruit, waar de regensensor zich bevindt, met de hand wordt aangeraakt","Translated"
"78","When a wet rag or similar is held close to the raindrop sensor","Wanneer een natte doek of iets dergelijks in de buurt van de regensensor wordt gehouden","Translated"
"79","If something bumps against the windshield","Als iets tegen de voorruit stoot","Translated"
"80","If you directly touch the raindrop sensor body or if something bumps into the raindrop sensor","Als u de behuizing van de regensensor rechtstreeks aanraakt of iets tegen de regensensor stoot","Translated"
"81","Precaution regarding the front and rear bumpers","Waarschuwing met betrekking tot de voor- en achterbumper","Translated"
"82","If the paint of the front or rear bumper is chipped or scratched, the following systems may not function correctly. ","Als de lak van de voor- of achterbumper schilfert of is bekrast, werken de volgende systemen mogelijk niet naar behoren. ","Translated"
"83","If this occurs, consult any authorized SUBARU retailer or SUBARU authorized repairer, or any reliable repairer.","Neem in dit geval contact op met een erkende SUBARU-dealer, erkende SUBARU-reparateur, of andere betrouwbare reparateur.","Translated"
"84","SUBARU Safety Sense","SUBARU Safety Sense","Translated"
"85","BSM","BSM","Translated"
"86","Automatic Rear Flashing Hazard Lights","Automatische alarmknipperlichten achter","Translated"
"87","RCTA","RCTA","Translated"
"88","SEA","SEA","Translated"
"89","Rear Vehicle Approaching Indication","Indicatie naderend voertuig van achteren","Translated"
"90","Secondary Collision Brake (Rear Impacts while Stopped)","Remmen tegen tweede botsing (botsingen aan de achterkant tijdens stilstand)","Translated"
"91","PKSB","PKSB","Translated"
"92","Parking Assist-Sensor","Parkeerhulpsensor",""
"93","To prevent paint deterioration and corrosion on the body and components (aluminum wheels, etc.)","Om verslechtering van de lak en corrosie van de carrosserie en onderdelen (aluminium velgen, enz.) te voorkomen","Translated"
"94","Wash the vehicle immediately in the following cases:","Was de auto in de volgende gevallen onmiddellijk:","Translated"
"95","After driving near the sea coast","Na het rijden in de buurt van de kust","Translated"
"96","After driving on salted roads","Na het rijden op bestrooide wegen","Translated"
"97","If coal tar or tree sap is present on the paint surface","Als koolteer of boomhars aanwezig is op het lakoppervlak","Translated"
"98","If dead insects, insect droppings or bird droppings are present on the paint surface","Als dode insecten, insectenuitwerpselen of vogelpoep aanwezig is op het lakoppervlak","Translated"
"99","After driving in an area contaminated with soot, oily smoke, mine dust, iron powder or chemical substances","Na het rijden in een omgeving die is verontreinigd met roet, vettige rook, mijnstof, ijzerpoeder of chemicaliën","Translated"
"100","If the vehicle becomes heavily soiled with dust or mud","Als de auto zwaar verontreinigd is door stof of modder","Translated"
"101","If liquids such as benzene and gasoline are spilled on the paint surface","Als vloeistoffen zoals benzeen en benzine zijn gemorst op het lakoppervlak","Translated"
"102","If the paint is chipped or scratched, have it repaired immediately.","Als de lak schilfert of bekrast is, laat u hem onmiddellijk herstellen.","Translated"
"103","To prevent the wheels from corroding, remove any dirt and store in a place with low humidity when storing the wheels.","Als u de wielen gaat opslaan, verwijdert u al het vuil van de wielen en slaat u ze op een droge plaats op, om te voorkomen dat de wielen corroderen.","Translated"
"104","Cleaning the exterior lights","Schoonmaken van de buitenverlichting","Translated"
"105","Wash carefully. ","Wees voorzichtig bij het wassen. ","Translated"
"106","Do not use organic substances or scrub with a hard brush.","Gebruik geen organische stoffen of harde borstel.","Translated"
"107","This may damage the surfaces of the lights.","Dit kan het oppervlak van de lampen beschadigen.","Translated"
"108","Do not apply wax to the surfaces of the lights.","Breng geen was aan op het oppervlak van de lampen.","Translated"
"109","Wax may cause damage to the lenses.","Was kan de lenzen beschadigen.","Translated"
"110","When using an automatic car wash","Bij gebruik van een automatische wasstraat","Translated"
"111","Set the wiper switch to the off position.","Zet de schakelaar voor de ruitenwissers in de uitgeschakelde stand.","Translated"
"112","If the wiper switch is in AUTO, the wipers may operate and the wiper blades may be damaged.","Als de schakelaar voor de ruitenwissers in de automatische modus staat, kunnen de ruitenwissers worden geactiveerd, wat tot schade aan de ruitenwissers kan leiden.","Translated"
"113","When using a high pressure car wash","Bij gebruik van een hogedrukwasstraat","Translated"
"114","When washing the vehicle, do not spray the camera or its surrounding area directly with a high pressure washer. ","Spuit bij het wassen van de auto niet rechtstreeks op de camera of de omgeving ervan met een hogedrukspuit. ","Translated"
"115","Shock applied from high pressure water may cause the device to not operate normally.","De kracht van het hogedrukwater kan ertoe leiden dat het apparaat een abnormale werking gaat vertonen.","Translated"
"116","Do not spray water directly on the radar which is equipped behind the radar sensor cover. ","Spuit geen water rechtstreeks op de radar, die zich achter de radarsensorkap bevindt. ","Translated"
"117","Otherwise it may cause the device to be damaged.","Als u dit wel doet, kan dit ertoe leiden dat het apparaat beschadigd raakt.","Translated"
"118","Do not bring the nozzle tip close to boots (rubber or resin manufactured cover), connectors or the following parts. ","Houd het mondstuk niet in de buurt van hoezen (afschermingen van rubber of hars), aansluitingen of de volgende onderdelen. ","Translated"
"119","The parts may be damaged if they come into contact with high-pressure water.","De onderdelen kunnen beschadigd raken als ze in contact komen met water onder hoge druk.","Translated"
"120","Traction related parts","Onderdelen van de aandrijflijn","Translated"
"121","Steering parts","Onderdelen van de stuurinrichting","Translated"
"122","Suspension parts","Onderdelen van de ophanging","Translated"
"123","Brake parts","Onderdelen van het remsysteem","Translated"
"124","Keep the cleaning nozzle at least 30 cm (11.9 in.) away from the vehicle body. ","Houd het mondstuk op minimaal 30 cm afstand van de carrosserie van de auto. ","Translated"
"125","Otherwise resin section, such as moldings and bumpers, may be deformed and damaged. ","Als u dit niet doet, kan dit leiden tot vervorming en beschadiging van harsgedeeltes, zoals gietstukken en de bumpers. ","Translated"
"126","Also, do not continuously hold the nozzle in the same place.","Houd het mondstuk ook niet lang op dezelfde plaats.","Translated"
"127","Do not spray the lower part of the windshield continuously. ","Spuit niet continu op het onderste gedeelte van de voorruit. ","Translated"
"128","If water enters the air conditioning system intake located near the lower part of the windshield, the air conditioning system may not operate correctly.","Als water terechtkomt in de inlaat van het aircosysteem, in de buurt van het onderste gedeelte van de voorruit, werkt het aircosysteem mogelijk niet naar behoren.","Translated"
"129","Do not wash the underside of the vehicle using a high pressure car washer. ","Was de onderkant van de auto niet met een hogedrukreiniger. ","Translated"
"130","If water enters the traction battery, the EV system may malfunction.","Als water terechtkomt in de tractiebatterij, kan het EV-systeem defect raken.","Translated"
"131","Do not use the washer on the area around the charging port lid. ","Spuit niet op de omgeving van de klep van de laadpoort. ","Translated"
"132","Water could get into the charging inlet and could damage the vehicle.","Er kan water in de laadingang terechtkomen en de auto beschadigen.","Translated"
"133","Cleaning aluminum parts","Aluminium onderdelen schoonmaken","Translated"
"134","When cleaning the hood, do not push hard or put weight on it.","Wanneer u de motorkap schoonmaakt, mag u er niet hard op drukken of iets zwaars op zetten.","Translated"
"135","The aluminum part may be dented.","Het aluminium kan indeuken.","Translated"
"136","Care:","Verzorging:","Translated"
"137","Interior","Interieur","Translated"
"138","Cleaning:","Schoonmaken:","Translated"
"139","Interior","Interieur","Translated"
"140","Front seats:","Voorstoelen:","Translated"
"141","Cleaning","Schoonmaken","Translated"
"142","Seats:","Stoelen:","Translated"
"143","Cleaning","Schoonmaken","Translated"
"144","Cleaning","Schoonmaken","Translated"
"145","Washing and waxing","Wassen en in de was zetten","Translated"
"146","Cleaning and protecting the vehicle interior","Het interieur van de auto schoonmaken en beschermen","Translated"
"147","Perform cleaning in a manner appropriate to each component and its material.","Maak elk onderdeel schoon op een manier die geschikt is voor het onderdeel en het materiaal waarvan het is gemaakt.","Translated"
"148","Protecting the vehicle interior","Het interieur van de auto beschermen","Translated"
"149","Remove dirt and dust using a vacuum cleaner. ","Verwijder vuil en stof met een stofzuiger. ","Translated"
"150","Wipe dirty surfaces with a cloth dampened with lukewarm water.","Veeg vuile oppervlakken schoon met een doek bevochtigd met lauw water.","Translated"
"151","If dirt cannot be removed, wipe it off with a soft cloth dampened with neutral detergent diluted to approximately 1%.","Als vuil niet op deze manier kan worden verwijderd, veegt u het weg met een zachte doek bevochtigd met neutraal schoonmaakmiddel, verdund tot ongeveer 1%.","Translated"
"152","Wring out any excess water from the cloth and thoroughly wipe off remaining traces of detergent and water.","Wring de doek uit en veeg achtergebleven schoonmaakmiddel en water weg.","Translated"
"153","Shampooing the carpets","Met shampoo wassen van de vloerbedekking","Translated"
"154","There are several commercial foaming-type cleaners available. ","Er zijn verschillende schuimende schoonmaakmiddelen in de handel verkrijgbaar. ","Translated"
"155","Use a sponge or brush to apply the foam. ","Gebruik een spons of borstel om het schuim aan te brengen. ","Translated"
"156","Rub in overlapping circles. ","Wrijf in overlappende cirkels. ","Translated"
"157","Do not use water. ","Gebruik geen water. ","Translated"
"158","Wipe dirty surfaces and let them dry. ","Veeg vuile oppervlakken af en laat ze drogen. ","Translated"
"159","Excellent results are obtained by keeping the carpet as dry as possible.","Voor de beste resultaten houdt u de vloerbedekking tot droog mogelijk.","Translated"
"160","Care:","Verzorging:","Translated"
"161","Seat belts","Veiligheidsgordels","Translated"
"162","Cleaning:","Schoonmaken:","Translated"
"163","Seat belts","Veiligheidsgordels","Translated"
"164","Seat belts:","Veiligheidsgordels:","Translated"
"165","Cleaning and maintaining the seat belt","De veiligheidsgordel schoonmaken en onderhouden","Translated"
"166","Handling the seat belts","Hanteren van de veiligheidsgordels","Translated"
"167","Clean with mild soap and lukewarm water using a cloth or sponge. ","Maak deze onderdelen schoon met een milde zeep en lauw water, met gebruik van een doek of spons. ","Translated"
"168","Also check the belts periodically for excessive wear, fraying or cuts.","Controleer de gordels ook periodiek op overmatige slijtage, rafels of sneeën.","Translated"
"169","Water in the vehicle","Water in de auto","Translated"
"170","Do not splash or spill liquid in the vehicle. ","Spetter en knoei niet met vloeistof in de auto. ","Translated"
"171","Doing so may cause the electrical components, etc., to malfunction or catch fire.","Als u dit doet, kan dit ertoe leiden dat de elektrische componenten e.d. defect raken of vlam vatten.","Translated"
"172","Do not get any of the SRS components or wiring in the vehicle interior wet. ","Zorg dat de onderdelen van het SRS-systeem en de bedrading binnen in de auto niet nat worden. ","Translated"
"173","(<NU x=""5"" g=""2"">&amp;rarr;</NU><Tag pos=""Point"" x=""6"" type=""InlineVariable"" g=""3"">&lt;xref type = &quot;P.page&quot; srcfile = &quot;A6790GEtoeuenvhch01.xml#ch01se0104040502&quot; ref_em = &quot;yes&quot; ref_pm = &quot;yes&quot; ref_fullpm = &quot;yes&quot;/&gt;</Tag>)","(<NU x=""5"" g=""2"">&amp;rarr;</NU><Tag pos=""Point"" x=""6"" type=""InlineVariable"" g=""3"">&lt;xref type = &quot;P.page&quot; srcfile = &quot;A6790GEtoeuenvhch01.xml#ch01se0104040502&quot; ref_em = &quot;yes&quot; ref_pm = &quot;yes&quot; ref_fullpm = &quot;yes&quot;/&gt;</Tag>)",""
"174","An electrical malfunction may cause the airbags to deploy or not function properly, resulting in death or serious injury.","Een elektrische storing kan ertoe leiden dat de airbags worden geactiveerd of niet naar behoren werken, wat ernstig of dodelijk letsel tot gevolg kan hebben.","Translated"
"175","Do not let the wireless charger (<NU x=""5"" g=""2"">&amp;rarr;</NU><Tag pos=""Point"" x=""6"" type=""InlineVariable"" g=""3"">&lt;xref type = &quot;P.page&quot; srcfile = &quot;A6790GEtoeuenvhch06.xml#ch06se0404020505&quot;/&gt;</Tag>) get wet. ","Laat de draadloze lader (<NU x=""5"" g=""2"">&amp;rarr;</NU><Tag pos=""Point"" x=""6"" type=""InlineVariable"" g=""3"">&lt;xref type = &quot;P.page&quot; srcfile = &quot;A6790GEtoeuenvhch06.xml#ch06se0404020505&quot;/&gt;</Tag>) niet nat worden. ","Translated"
"176","Failure to do so may cause the charger to become hot and cause burns or could cause electric shock resulting in death or serious injury.","Als u zich hier niet aan houdt, kan dit ertoe leiden dat de lader heet wordt en brandwonden veroorzaakt, of dat de lader een elektrische schok afgeeft, mogelijk met ernstig of dodelijk letsel tot gevolg.","Translated"
"177","Cleaning the interior (especially instrument panel)","Het interieur schoonmaken (met name het instrumentenpaneel)","Translated"
"178","Do not use a polish wax or polish cleaner. ","Gebruik geen polijstwas of polijstmiddel. ","Translated"
"179","The instrument panel may reflect off the windshield, obstructing the driver’s view and leading to an accident, resulting in death or serious injury.","Het instrumentenpaneel kan weerspiegelen in de voorruit, waardoor het zicht van de bestuurder wordt belemmerd en een ongeval kan plaatsvinden, met ernstig of dodelijk letsel tot gevolg.","Translated"
"180","Cleaning detergents","Schoonmaakmiddelen","Translated"
"181","Do not use the following types of detergent, as they may discolor the vehicle interior or cause streaks or damage to painted surfaces:","Gebruik de volgende typen schoonmaakmiddel niet, aangezien de kunnen leiden tot verkleuring van het interieur van de auto, strepen kunnen achterlaten op gelakte oppervlakken of deze kunnen beschadigen:","Translated"
"182","Non-seat portions: ","Andere onderdelen dan de stoelen: ","Translated"
"183","Organic substances such as benzene or gasoline, alkaline or acidic solutions, dye, and bleach","Organische stoffen zoals benzeen of benzine, alkalische of zure oplossingen, verf en bleekmiddel","Translated"
"184","Seats: ","Stoelen: ","Translated"
"185","Alkaline or acidic solutions, such as thinner, benzene, and alcohol","Alkalische of zure oplossingen, zoals thinner, benzeen en alcohol","Translated"
"186","Do not use a polish wax or polish cleaner. ","Gebruik geen polijstwas of polijstmiddel. ","Translated"
"187","The instrument panel’s or other interior part’s painted surface may be damaged.","Dit kan leiden tot schade aan het gelakte oppervlak van het instrumentenpaneel of van andere onderdelen van het interieur.","Translated"
"188","Water on the floor","Water op de vloer","Translated"
"189","Do not wash the vehicle floor with water.","Was de vloer van de auto niet met water.","Translated"
"190","Vehicle systems such as the audio system may be damaged if water comes into contact with electrical components such as the audio system above or under the floor of the vehicle. ","Voertuigsystemen zoals het audiosysteem kunnen beschadigd raken als water contact maakt met elektrische componenten zoals het audiosysteem boven of onder de vloer van de auto. ","Translated"
"191","Water may also cause the body to rust.","Water kan ook leiden tot het roesten van de carrosserie.","Translated"
"192","When cleaning the inside of the windshield","Bij het schoonmaken van de binnenkant van de voorruit","Translated"
"193","Do not allow glass cleaner to contact the lens. ","Laat de lens niet in contact komen met glasreiniger. ","Translated"
"194","Also, do not touch the lens. ","Raak de lens ook niet aan. ","Translated"
"195","(<NU x=""1"" g=""2"">&amp;rarr;</NU><Tag pos=""Point"" x=""2"" type=""InlineVariable"" g=""3"">&lt;xref type = &quot;P.page&quot; srcfile = &quot;A6790GEtoeuenvhch05.xml#ch05se0404020503&quot;/&gt;</Tag>)","(<NU x=""1"" g=""2"">&amp;rarr;</NU><Tag pos=""Point"" x=""2"" type=""InlineVariable"" g=""3"">&lt;xref type = &quot;P.page&quot; srcfile = &quot;A6790GEtoeuenvhch05.xml#ch05se0404020503&quot;/&gt;</Tag>)",""
"196","Cleaning the inside of the rear window","De binnenkant van de achterruit schoonmaken","Translated"
"197","Do not use a glass cleaner to clean the rear window, as this may cause damage to the rear window defogger heater wires or antenna. ","Gebruik geen glasreiniger voor het schoonmaken van de achterruit, aangezien dit kan leiden tot schade aan de draden van de achterruitverwarming of de antenne. ","Translated"
"198","Use a cloth dampened with lukewarm water to gently wipe the window clean. ","Gebruik een doek bevochtigd met lauw water om de ruit zachtjes schoon te vegen. ","Translated"
"199","Wipe the window in strokes running parallel to the heater wires or antenna.","Veeg over de ruit in banen die de verwarmingsdraden of antenne volgen.","Translated"
"200","Be careful not to scratch or damage the heater wires or antenna.","Voorkom krassen of andere schade aan de verwarmingsdraden of antenne.","Translated"
"201","Cleaning the areas with satin-finish metal accents","De gebieden met metalen accenten met zijdeglans schoonmaken","Translated"
"202","Remove dirt using a water-dampened soft cloth or synthetic chamois.","Verwijder vuil met een zachte doek of synthetische zeem bevochtigd met water.","Translated"
"203","Wipe the surface with a dry soft cloth to remove any remaining moisture.","Neem het oppervlak af met een droge, zachte doek om achtergebleven vocht te verwijderen.","Translated"
"204","Cleaning the areas with satin-finish metal accents","De gebieden met metalen accenten met zijdeglans schoonmaken","Translated"
"205","The metal areas use a layer of real metal for the surface. ","De metaaloppervlakken hebben een laag echt metaal aan de buitenkant. ","Translated"
"206","It is necessary to clean them regularly. ","Ze moeten regelmatig worden schoongemaakt. ","Translated"
"207","If dirty areas are left uncleaned for long periods of time, they may be difficult to clean.","Als vuile gedeeltes lang niet worden schoongemaakt, kunnen ze moeilijk zijn schoon te maken.","Translated"
"208","Cleaning the leather areas","De leren oppervlakken schoonmaken","Translated"
"209","Cleaning the leather","Het leer schoonmaken","Translated"
"210","Remove dirt and dust using a vacuum cleaner.","Verwijder vuil en stof met een stofzuiger.","Translated"
"211","Wipe off any excess dirt and dust with a soft cloth dampened with diluted detergent.","Neem vuil en stof af met een zachte doek bevochtigd met een verdund schoonmaakmiddel.","Translated"
"212","Use a diluted water solution of approximately 5% neutral wool detergent.","Gebruik een verdunde oplossing van ongeveer 5% neutraal wolwasmiddel in water.","Translated"
"213","Wring out any excess water from the cloth and thoroughly wipe off all remaining traces of detergent.","Wring de doek uit en veeg achtergebleven schoonmaakmiddel zorgvuldig weg.","Translated"
"214","Wipe the surface with a dry, soft cloth to remove any remaining moisture.","Neem het oppervlak af met een droge, zachte doek om achtergebleven vocht te verwijderen.","Translated"
"215","Allow the leather to dry in a shaded and ventilated area.","Laat het leer drogen op een goed geventileerde plaats in de schaduw.","Translated"
"216","Caring for leather areas","Leren oppervlakken verzorgen","Translated"
"217","SUBARU recommends cleaning the interior of the vehicle at least twice a year to maintain the quality of the vehicle’s interior.","SUBARU adviseert het interieur van de auto ten minste twee keer per jaar schoon te maken, om de kwaliteit van het interieur hoog te houden.","Translated"
"218","Preventing damage to leather surfaces","Schade aan leren oppervlakken voorkomen","Translated"
"219","Observe the following precautions to avoid damage to and deterioration of leather surfaces:","Neem de volgende voorzorgsmaatregelen in acht om schade aan en verslechtering van leren oppervlakken te voorkomen:","Translated"
"220","Remove any dust or dirt from leather surfaces immediately.","Verwijder vuil en stof onmiddellijk van leren oppervlakken.","Translated"
"221","Do not expose the vehicle to direct sunlight for extended periods of time. ","Stel de auto niet langdurig bloot aan direct zonlicht. ","Translated"
"222","Park the vehicle in the shade, especially during summer.","Parkeer de auto, met name in de zomer, in de schaduw.","Translated"
"223","Do not place items made of vinyl, plastic, or containing wax on the upholstery, as they may stick to the leather surface if the vehicle interior heats up significantly.","Plaats geen voorwerpen op de bekleding die zijn gemaakt van vinyl of kunststof of die was bevatten, aangezien deze kunnen vastplakken aan het leren oppervlak als het zeer warm wordt in de auto.","Translated"
"224","Cleaning the synthetic leather areas","De kunstleren oppervlakken schoonmaken","Translated"
"225","Remove dirt and dust using a vacuum cleaner.","Verwijder vuil en stof met een stofzuiger.","Translated"
"226","Wipe it off with a soft cloth dampened with neutral detergent diluted to approximately 1%.","Veeg het weg met een zachte doek bevochtigd met neutraal schoonmaakmiddel, verdund tot ongeveer 1%.","Translated"
"227","Wring out any excess water from the cloth and thoroughly wipe off remaining traces of detergent and water.","Wring de doek uit en veeg achtergebleven schoonmaakmiddel en water weg.","Translated"
"228","Cleaning fabric portions","Stoffen gedeeltes schoonmaken","Translated"
"229","To remove dust from the fabric, use a vacuum cleaner or adhesive tape.","Om stof van de stof te verwijderen, gebruikt u een stofzuiger of tape.","Translated"
"230","However, please remove the dust near the passenger airbag ornament by hand.","Verwijder de stof in de buurt van de bekleding van de passagiersairbag met de hand.","Translated"
"231","Use a cloth dampened with water to gently wipe the fabric clean.","Gebruik een doek bevochtigd met water om de stof zachtjes schoon te vegen.","Translated"
"232","Do not use detergents to clean the fabric.","Gebruik geen schoonmaakmiddelen voor de stof.","Translated"
"233","Cleaning the instrument panel surface","Reinigen van het instrumentenpaneel","Translated"
"234","Remove dirt and dust using a vacuum cleaner.","Verwijder vuil en stof met een stofzuiger.","Translated"
"235","Wipe it off with a soft cloth dampened with neutral detergent diluted to approximately 1%.","Veeg het weg met een zachte doek bevochtigd met neutraal schoonmaakmiddel, verdund tot ongeveer 1%.","Translated"
"236","Wring out any excess water from the cloth and thoroughly wipe off remaining traces of detergent and water.","Wring de doek uit en veeg achtergebleven schoonmaakmiddel en water weg.","Translated"
"237","Maintenance","Onderhoud","Translated"
"238","Maintenance:","Onderhoud:","Translated"
"239","Maintenance requirements","Onderhoudsvereisten","Translated"
"240","Maintenance requirements","Onderhoudsvereisten","Translated"
"241","To ensure safe and economical driving, day-to-day care and regular maintenance are essential. ","Voor veilig en zuinig rijden zijn dagelijkse verzorging en regelmatig onderhoud essentieel. ","Translated"
"242","SUBARU recommends the maintenance below.","SUBARU adviseert het onderstaande onderhoud.","Translated"
"243","Where to go for maintenance service?","Waar kunt u terecht voor onderhoudsbeurten?","Translated"
"244","In order to maintain your vehicle in the best possible condition, SUBARU recommends that maintenance service operations as well as other inspections and repairs be carried out by authorized SUBARU retailers or SUBARU authorized repairers, or any reliable repairers. ","Om uw auto in de best mogelijke staat te houden, adviseert SUBARU het onderhoud en alle andere inspecties en reparaties te laten uitvoeren door erkende SUBARU-dealers, erkende SUBARU-reparateurs, of andere betrouwbare reparateurs. ","Translated"
"245","For repairs and services covered by your warranty, please visit an authorized SUBARU retailer or repairer, who will use genuine SUBARU parts in repairing any difficulties you may encounter. ","Voor reparaties en diensten die door uw garantie worden gedekt, richt u zich tot een erkende SUBARU-dealer of erkende SUBARU-reparateur, die gebruikmaakt van originele SUBARU-onderdelen bij het verhelpen van alle problemen die u eventueel tegenkomt. ","Translated"
"246","There can also be advantages in utilizing authorized SUBARU retailers or repairers for non-warranty repairs and services, as members of the SUBARU network will be able to expertly assist you with any difficulties you may encounter.","Ook kan het voordelen hebben om voor reparaties en diensten die niet onder de garantie vallen, naar een erkende SUBARU-dealer of erkende SUBARU-reparateur te gaan, aangezien leden van het SUBARU-netwerk beschikken over de expertise om u te helpen bij alle problemen die u eventueel tegenkomt.","Translated"
"247","Your SUBARU retailer or SUBARU authorized repairer, or any reliable repairer will perform all of the scheduled maintenance on your vehicle reliably and economically due to their experience with SUBARU vehicles.","Uw SUBARU-dealer of erkende SUBARU-reparateur voert al het geplande onderhoud aan uw auto betrouwbaar en kosteneffectief uit, door zijn ervaring met auto’s van SUBARU.","Translated"
"248","If your vehicle is not properly maintained","Als uw auto niet goed wordt onderhouden","Translated"
"249","Improper maintenance could result in serious damage to the vehicle and possible death or serious injury.","Onjuist onderhoud kan leiden tot ernstige schade aan de auto, en tot ernstig of dodelijk letsel.","Translated"
"250","Handling of the 12-volt battery","Hanteren van de 12V-batterij","Translated"
"251","12-volt battery posts, terminals and related accessories contain lead and lead compounds which are known to cause brain damage. ","De polen, klemmen, aansluitingen en aanverwante accessoires van de 12V-batterij bevatten lood en loodlegeringen, waarvan bekend is dat ze tot hersenbeschadiging kunnen leiden. ","Translated"
"252","Wash your hands after handling. ","Was uw handen na het hanteren van deze onderdelen. ","Translated"
"253","(<NU x=""1"" g=""2"">&amp;rarr;</NU><Tag pos=""Point"" x=""2"" type=""InlineVariable"" g=""3"">&lt;xref refid = &quot;ch07se0304040505&quot; type = &quot;P.page&quot;/&gt;</Tag>)","(<NU x=""1"" g=""2"">&amp;rarr;</NU><Tag pos=""Point"" x=""2"" type=""InlineVariable"" g=""3"">&lt;xref refid = &quot;ch07se0304040505&quot; type = &quot;P.page&quot;/&gt;</Tag>)",""
"254","Scheduled maintenance","Gepland onderhoud","Translated"
"255","Scheduled maintenance should be performed at specified intervals according to the maintenance schedule.","Gepland onderhoud moet worden uitgevoerd met specificeerde intervallen volgens het onderhoudsschema.","Translated"
"256","The service interval for scheduled maintenance is determined by the odometer reading or the time interval, whichever comes first, shown in the schedule.","Het onderhoudsinterval voor gepland onderhoud wordt – afhankelijk van wat het eerst komt – bepaald door de stand van de kilometerteller of het tijdsinterval in het schema.","Translated"
"257","The maintenance service beyond the last period should be performed at the same intervals.","De onderhoudsbeurt na de laatste periode moet uitgevoerd worden met dezelfde intervallen.","Translated"
"258","Do-it-yourself maintenance","Doe-het-zelf-onderhoud","Translated"
"259","Do-it-yourself maintenance","Doe-het-zelf-onderhoud","Translated"
"260","What about do-it-yourself maintenance?","Het onderhoud zelf uitvoeren?","Translated"
"261","Many of the maintenance items are easy to do yourself if you have a little mechanical ability and a few basic automotive tools.","Veel van de onderhoudspunten kunt u gemakkelijk zelf uitvoeren als u een beetje handig bent en beschikt over een paar basisgereedschappen voor auto’s.","Translated"
"262","Note, however, that some maintenance tasks require special tools and skills. ","Merk op dat bepaalde onderhoudstaken speciaal gereedschap en speciale vaardigheden vereisen. ","Translated"
"263","These are best performed by qualified technicians. ","Deze kunt u het beste laten uitvoeren door gekwalificeerde monteurs. ","Translated"
"264","Even if you’re an experienced do-it-yourself mechanic, we recommend that repairs and maintenance be conducted by any authorized SUBARU retailer or SUBARU authorized repairer, or any reliable repairer. ","Zelfs als u een ervaren doe-het-zelf-monteur bent, adviseren wij reparaties en onderhoud te laten uitvoeren door een erkende SUBARU-dealer, erkende SUBARU-reparateur, of andere betrouwbare reparateur. ","Translated"
"265","Any authorized SUBARU retailer or repairer will keep a record of maintenance, which could be useful should you ever require Warranty Service. ","Elke erkende SUBARU-dealer en erkende SUBARU-reparateur houdt een onderhoudslogboek bij, wat van pas kan komen als u ooit gebruik moet maken van de garantie. ","Translated"
"266","Should you choose to select a qualified and equipped professional other than an authorized SUBARU repairer to service or maintain your vehicle, we recommend that you request that a record of maintenance be kept.","Als u kiest voor een andere gekwalificeerde en goed uitgeruste professional dan een erkende SUBARU-reparateur voor service en onderhoud aan uw auto, adviseren wij u te verzoeken een onderhoudslogboek bij te houden.","Translated"
"267","Does your vehicle need repairs?","Bepalen of uw auto moet worden gerepareerd","Translated"
"268","Be on the alert for changes in performance and sounds, and visual tip-offs that indicate service is needed. ","Let op veranderingen in de prestaties en geluiden, en visuele aanwijzingen dat service vereist is. ","Translated"
"269","Some important clues are:","Een aantal belangrijke aanwijzingen zijn:","Translated"
"270","Appreciable loss of power","Merkbaar vermogensverlies","Translated"
"271","Strange noises","Vreemde geluiden","Translated"
"272","A fluid leak under the vehicle (However, water dripping from the air conditioning system after use is normal.)","Een vloeistoflek aan de onderkant van de auto (water dat na gebruik uit het aircosysteem druppelt, is echter normaal)","Translated"
"273","Flat-looking tires, excessive tire squeal when cornering, uneven tire wear","Banden die plat lijken, overmatig bandengeluid in bochten, ongelijkmatige slijtage van de banden","Translated"
"274","Vehicle pulls to one side when driven straight on a level road","De auto trekt naar één kant bij het rechtdoor rijden op een vlakke weg","Translated"
"275","Strange noises related to suspension movement","Vreemde geluiden bij beweging van de ophanging","Translated"
"276","Loss of brake effectiveness, spongy feeling brake pedal, pedal almost touches the floor, vehicle pulls to one side when braking","Verlies van remvermogen, sponzig aanvoelend rempedaal, pedaal raakt bijna de vloer aan, auto trekt naar één kant tijdens het remmen","Translated"
"277","If you notice any of these clues, take your vehicle to any authorized SUBARU retailer or SUBARU authorized repairer, or any reliable repairer as soon as possible. ","Als u een van deze zaken opmerkt, brengt u uw auto zo spoedig mogelijk naar een erkende SUBARU-dealer, erkende SUBARU-reparateur, of andere betrouwbare reparateur. ","Translated"
"278","Your vehicle may need adjustment or repair.","Uw auto vereist mogelijk afstelling of reparatie.","Translated"
"279","Scheduled maintenance","Gepland onderhoud","Translated"
"280","To keep your vehicle in proper operating condition and to assure peak performance at all times, the recommended maintenance service should be performed in accordance with the maintenance schedule.","Om uw auto in een goede bedrijfsstaat te houden en op elk moment een uitstekende werking te waarborgen, moet de aanbevolen onderhoudsbeurt uitgevoerd worden volgens het onderhoudsschema.","Translated"
"281","The frequency of scheduled inspection and maintenance services as set forth is minimal. ","De aangegeven frequentie van geplande inspectie- en onderhoudsbeurten is de minimale frequentie. ","Translated"
"282","However, it may be necessary that they be performed more frequently depending on road conditions, weather, atmospheric conditions and vehicle usage. ","Het kan echter nodig zijn om deze regelmatiger uit te voeren. Dit is afhankelijk van de wegomstandigheden, de weersomstandigheden en het gebruik van de auto. ","Translated"
"283","These conditions may differ from one country to another. ","Deze omstandigheden kunnen per land verschillen. ","Translated"
"284","Therefore there may be special requirement in your country. ","Uw land kan daarom specifieke eisen stellen. ","Translated"
"285","We recommend that you ask any authorized SUBARU retailer or SUBARU authorized repairer, or any reliable repairer for the actual maintenance schedule applied to your vehicle.","Wij adviseren u om contact op te nemen met een erkende SUBARU-dealer, erkende SUBARU-reparateur, of andere betrouwbare reparateur voor het daadwerkelijke onderhoudsschema dat voor uw auto geldt.","Translated"
"286","Maintenance schedule","Onderhoudsschema","Translated"
"287","Continue periodic maintenance beyond 90000 km (54000 miles) by returning to the beginning of the maintenance schedule and adding 90000 km (54000 miles) to the column headings.","Continu periodiek onderhoud na 90000 km door terug te gaan naar het begin van het onderhoudsschema en 90000 km op te tellen bij de kolomkoppen.","Translated"
"288","Symbols used:","Gebruikte symbolen:","Translated"
"289","I: ","I: ","Translated"
"290","Inspect, correct or replace as necessary.","inspecteren, repareren of indien nodig vervangen.","Translated"
"291","R: ","R: ","Translated"
"292","Replace or change or lubricate.","vervangen, verwisselen of smeren.","Translated"
"293","T: ","T: ","Translated"
"294","Tighten to specified torque.","aanhalen volgens aangegeven aanhaalmoment.","Translated"
"295","MAINTENANCE ITEMS","ONDERHOUDSITEMS","Translated"
"296","MAINTENANCE INTERVAL (Number of km (mile), whichever occurs first)","MAINTENANCE INTERVAL (Number of km (mile), whichever occurs first)",""
"297","Interval in Months","Interval in maanden","Translated"
"298","x1000 km","x1000 km","Translated"
"299","7.5","7,5","Translated"
"300","15","15","Translated"
"301","22.5","22,5","Translated"
"302","30","30","Translated"
"303","37.5","37,5","Translated"
"304","45","45","Translated"
"305","52.5","52,5","Translated"
"306","60","60","Translated"
"307","67.5","67,5","Translated"
"308","75","75","Translated"
"309","82.5","82,5","Translated"
"310","90","90","Translated"
"311","x1000 miles","x1000 mijl","Translated"
"312","4.5","4,5","Translated"
"313","9","9","Translated"
"314","13.5","13,5","Translated"
"315","18","18","Translated"
"316","22.5","22,5","Translated"
"317","27","27","Translated"
"318","31.5","31,5","Translated"
"319","36","36","Translated"
"320","40.5","40,5","Translated"
"321","45","45","Translated"
"322","49.5","49,.5","Translated"
"323","54","54","Translated"
"324","1","1","Translated"
"325","Heater coolant","Koelvloeistof van de verwarming","Translated"
"326","Inspect","Inspecteren","Translated"
"327","I","I","Translated"
"328","I","I","Translated"
"329","I","I","Translated"
"330","<NU x=""2"">&amp;mdash;</NU>","<NU x=""2"">&amp;mdash;</NU>",""
"331","Replace","Vervangen","Translated"
"332","First replace at 200000 km (120000 miles), then replace every 80000 km (50000 miles)","Vervang eerste keer bij 200000 km, daarna telkens bij 80000 km","Translated"
"333","<NU x=""2"">&amp;mdash;</NU>","<NU x=""2"">&amp;mdash;</NU>",""
"334","2","2","Translated"
"335","Auxiliary battery","Hulpbatterij","Translated"
"336","I","I","Translated"
"337","I","I","Translated"
"338","I","I","Translated"
"339","I","I","Translated"
"340","I","I","Translated"
"341","I","I","Translated"
"342","I:12 months","I:12 maanden","Translated"
"343","3","3","Translated"
"344","Traction battery coolant","Koelvloeistof tractiebatterij","Translated"
"345","Inspect","Inspecteren","Translated"
"346","I","I","Translated"
"347","I","I","Translated"
"348","I","I","Translated"
"349","<NU x=""2"">&amp;mdash;</NU>","<NU x=""2"">&amp;mdash;</NU>",""
"350","Replace","Vervangen","Translated"
"351","First replace at 200000 km (120000 miles), then replace every 80000 km (50000 miles)","Vervang eerste keer bij 200000 km, daarna telkens bij 80000 km","Translated"
"352","<NU x=""2"">&amp;mdash;</NU>","<NU x=""2"">&amp;mdash;</NU>",""
"353","4","4","Translated"
"354","Brake pedal and parking brake","Rempedaal en parkeerrem","Translated"
"355","*1","*1","Translated"
"356","I","I","Translated"
"357","I","I","Translated"
"358","I","I","Translated"
"359","I:24 months","I:24 maanden","Translated"
"360","5","5","Translated"
"361","Brake pads and discs","Remblokken en -schijven","Translated"
"362","Normal driving","Normaal rijden","Translated"
"363","I","I","Translated"
"364","I","I","Translated"
"365","I","I","Translated"
"366","I","I","Translated"
"367","I","I","Translated"
"368","I","I","Translated"
"369","I:12 months","I:12 maanden","Translated"
"370","Severe driving","Hevig rijden","Translated"
"371","I","I","Translated"
"372","I","I","Translated"
"373","I","I","Translated"
"374","I","I","Translated"
"375","I","I","Translated"
"376","I","I","Translated"
"377","I","I","Translated"
"378","I","I","Translated"
"379","I","I","Translated"
"380","I","I","Translated"
"381","I","I","Translated"
"382","I","I","Translated"
"383","I:6 months","I:6 maanden","Translated"
"384","6","6","Translated"
"385","Brake fluid","Remvloeistof","Translated"
"386","R","R","Translated"
"387","R","R","Translated"
"388","R","R","Translated"
"389","R:24 months","R:24 maanden","Translated"
"390","7","7","Translated"
"391","Brake pipes and hoses","Remleidingen en -slangen","Translated"
"392","I","I","Translated"
"393","I","I","Translated"
"394","I","I","Translated"
"395","I:24 months","I:24 maanden","Translated"
"396","8","8","Translated"
"397","Steering wheel, linkage and steering gear box","Stuur, stuuroverbrenging en stuurhuis","Translated"
"398","Normal driving","Normaal rijden","Translated"
"399","I","I","Translated"
"400","I","I","Translated"
"401","I","I","Translated"
"402","I:24 months","I:24 maanden","Translated"
"403","Severe driving","Hevig rijden","Translated"
"404","I","I","Translated"
"405","I","I","Translated"
"406","I","I","Translated"
"407","I","I","Translated"
"408","I","I","Translated"
"409","I","I","Translated"
"410","I:12 months","I:12 maanden","Translated"
"411","9","9","Translated"
"412","Drive shaft boots","Aandrijfashoezen","Translated"
"413","Normal driving","Normaal rijden","Translated"
"414","I","I","Translated"
"415","I","I","Translated"
"416","I","I","Translated"
"417","I:24 months","I:24 maanden","Translated"
"418","Severe driving","Hevig rijden","Translated"
"419","I","I","Translated"
"420","I","I","Translated"
"421","I","I","Translated"
"422","I","I","Translated"
"423","I","I","Translated"
"424","I","I","Translated"
"425","I:12 months","I:12 maanden","Translated"
"426","10","10","Translated"
"427","Suspension ball joints and dust covers","Kogelgewrichten en stofkappen ophanging","Translated"
"428","Normal driving","Normaal rijden","Translated"
"429","I","I","Translated"
"430","I","I","Translated"
"431","I","I","Translated"
"432","I:24 months","I:24 maanden","Translated"
"433","Severe driving","Hevig rijden","Translated"
"434","I","I","Translated"
"435","I","I","Translated"
"436","I","I","Translated"
"437","I","I","Translated"
"438","I","I","Translated"
"439","I","I","Translated"
"440","I:12 months","I:12 maanden","Translated"
"441","11","11","Translated"
"442","e-Transaxle fluid","e-Transaxle-vloeistof","Translated"
"443","Normal driving","Normaal rijden","Translated"
"444","I","I","Translated"
"445","I:48 months","I:48 maanden","Translated"
"446","Severe driving","Hevig rijden","Translated"
"447","I","I","Translated"
"448","R","R","Translated"
"449","I:36 months","I:36 maanden","Translated"
"450","R:72 months","R:72 maanden","Translated"
"451","12","12","Translated"
"452","Front and rear suspension","Voor- en achterwielophanging","Translated"
"453","Normal driving","Normaal rijden","Translated"
"454","I","I","Translated"
"455","I","I","Translated"
"456","I","I","Translated"
"457","I:24 months","I:24 maanden","Translated"
"458","Severe driving","Hevig rijden","Translated"
"459","I","I","Translated"
"460","I","I","Translated"
"461","I","I","Translated"
"462","I","I","Translated"
"463","I","I","Translated"
"464","I","I","Translated"
"465","I:12 months","I:12 maanden","Translated"
"466","13","13","Translated"
"467","Bolts and nuts on chassis and body","Bouten en moeren op chassis en carrosserie","Translated"
"468","*2","*2","Translated"
"469","Severe driving only","Alleen hevig rijden","Translated"
"470","T","T","Translated"
"471","T","T","Translated"
"472","T","T","Translated"
"473","T","T","Translated"
"474","T","T","Translated"
"475","T","T","Translated"
"476","T:12 months","T:12 maanden","Translated"
"477","14","14","Translated"
"478","Tires and inflation pressure","Bandenspanning en vuldruk","Translated"
"479","Normal driving","Normaal rijden","Translated"
"480","I","I","Translated"
"481","I","I","Translated"
"482","I","I","Translated"
"483","I:24 months","I:24 maanden","Translated"
"484","Severe driving","Hevig rijden","Translated"
"485","I","I","Translated"
"486","I","I","Translated"
"487","I","I","Translated"
"488","I","I","Translated"
"489","I","I","Translated"
"490","I","I","Translated"
"491","I:12 months","I:12 maanden","Translated"
"492","15","15","Translated"
"493","Air conditioner filter","Aircofilter","Translated"
"494","Particle filter","Deeltjesfilter","Translated"
"495","Pollen removal type","Pollenfilter","Translated"
"496","Normal driving","Normaal rijden","Translated"
"497","R","R","Translated"
"498","R","R","Translated"
"499","R","R","Translated"
"500","<NU x=""2"">&amp;mdash;</NU>","<NU x=""2"">&amp;mdash;</NU>",""
"501","Dusty road driving","Stoffige wegen","Translated"
"502","*3","*3","Translated"
"503","R","R","Translated"
"504","R","R","Translated"
"505","R","R","Translated"
"506","R","R","Translated"
"507","R","R","Translated"
"508","R","R","Translated"
"509","<NU x=""2"">&amp;mdash;</NU>","<NU x=""2"">&amp;mdash;</NU>",""
"510","16","16","Translated"
"511","Corrosion inspection","Corrosie-inspectie","Translated"
"512","I","I","Translated"
"513","I","I","Translated"
"514","I","I","Translated"
"515","I:24 months","I:24 maanden","Translated"
"516","Parking brake inspection is not necessary.","Inspectie van parkeerrem is niet nodig.","Translated"
"517","For seat mounting bolts, front and rear suspension member retaining bolts.","Voor bevestigingsbouten van stoelen en onderdelen van voor- en achterwielophanging.","Translated"
"518","Roads in areas where their pavement rate is low, or a cloud of dust often arises and the air is dry.","Wegen in gebieden met weinig bestrating, veel stofwolken en droge lucht.","Translated"
"519","Definitions of severe conditions","Omschrijving van zware omstandigheden","Translated"
"520","Required maintenance under the following conditions","Vereist onderhoud onder de volgende omstandigheden","Translated"
"521","For vehicles used under any of the following conditions, the maintenance items listed below should be performed in addition to the scheduled maintenance.","Voor voertuigen die gebruikt worden onder de volgende omstandigheden, moeten in aanvulling op het geplande onderhoud de onderstaande onderhoudspunten uitgevoerd worden.","Translated"
"522","A: ","A: ","Translated"
"523","Road conditions","Wegomstandigheden","Translated"
"524","1. ","1. ","Translated"
"525","Operating on rough or muddy roads, or roads with melted snow or waterlogged roads.","Gebruik op slechte of modderige wegen, wegen met gesmolten sneeuw of drassige wegen.","Translated"
"526","2. ","2. ","Translated"
"527","Operating on dusty roads. ","Gebruik op stoffige wegen. ","Translated"
"528","(Roads in areas where their pavement rate is low, or a cloud of dust often arises and the air is dry.)","(Wegen in gebieden met weinig bestrating, veel stofwolken en droge lucht.)","Translated"
"529","3. ","3. ","Translated"
"530","Operating on road which has road salt applied.","Gebruik op wegen waarop wegenzout gestrooid is.","Translated"
"531","B: ","B: ","Translated"
"532","Driving conditions","Rijomstandigheden","Translated"
"533","1. ","1. ","Translated"
"534","Heavily loaded vehicle. ","Zwaarbeladen voertuig. ","Translated"
"535","(Example: Towing a trailer, using a camper, using a car top carrier, etc.)","(Voorbeelden: een aanhanger trekken, een caravan trekken, gebruik van een imperiaal)","Translated"
"536","2. ","2. ","Translated"
"537","Extensive idling and/or low speed driving for a long distance such as police, professional/private use like taxi or door-to-door delivery use.","Uitgebreid stationair draaien en/of langdurig rijden met lage toerentallen, zoals politie, professioneel of particulier gebruik als taxi of koeriersdienst.","Translated"
"538","3. ","3. ","Translated"
"539","Continuous high speed driving (80% or more of maximum vehicle speed) for over 2 hours.","Gedurende 2 uur continu op hoge snelheid (80% of meer van de maximale rijsnelheid) rijden.","Translated"
"540","Conditions","Status","Translated"
"541","Items","Punten","Translated"
"542","A: ","A: ","Translated"
"543","Road condition","Rijomstandigheid","Translated"
"544","B: ","B: ","Translated"
"545","Driving conditions","Rijomstandigheden","Translated"
"546","1.","1.","Translated"
"547","2.","2.","Translated"
"548","3.","3.","Translated"
"549","1.","1.","Translated"
"550","2.","2.","Translated"
"551","3.","3.","Translated"
"552","●","●","Translated"
"553","●","●","Translated"
"554","●","●","Translated"
"555","●","●","Translated"
"556","Brake pads and discs","Remblokken en -schijven","Translated"
"557","●","●","Translated"
"558","Suspension ball joints and dust covers","Kogelgewrichten en stofkappen ophanging","Translated"
"559","●","●","Translated"
"560","Drive shaft boots","Aandrijfashoezen","Translated"
"561","●","●","Translated"
"562","●","●","Translated"
"563","Transaxle fluid (e-Transaxle fluid)","Transaxlevloeistof (e-Transaxle-vloeistof)","Translated"
"564","●","●","Translated"
"565","Steering wheel, linkage and steering gear box","Stuur, stuuroverbrenging en stuurhuis","Translated"
"566","●","●","Translated"
"567","●","●","Translated"
"568","Front and rear suspension","Voor- en achterwielophanging","Translated"
"569","●","●","Translated"
"570","●","●","Translated"
"571","Bolts and nuts on chassis and body","Bouten en moeren op chassis en carrosserie","Translated"
"572","●","●","Translated"
"573","●","●","Translated"
"574","Tires and inflation pressure","Bandenspanning en vuldruk","Translated"
"575","●","●","Translated"
"576","Air conditioner filter","Aircofilter","Translated"
"577","Do-it-yourself maintenance","Doe-het-zelf-onderhoud","Translated"
"578","Do-it-yourself maintenance","Doe-het-zelf-onderhoud","Translated"
"579","Maintenance:","Onderhoud:","Translated"
"580","Do-it-yourself maintenance","Doe-het-zelf-onderhoud","Translated"
"581","Do-it-yourself service precautions","Voorzorgsmaatregelen voor doe-het-zelf-onderhoud","Translated"
"582","If you perform maintenance by yourself, be sure to follow the correct procedure as given in these sections.","Als u zelf onderhoud uitvoert, moet u de juiste procedure volgen zoals beschreven in deze paragrafen.","Translated"
"583","Maintenance","Onderhoud","Translated"
"584","Items","Punten","Translated"
"585","Parts and tools","Onderdelen en gereedschap","Translated"
"586","12-volt battery condition","Staat van de 12V-batterij","Translated"
"587","(<NU x=""2"" g=""2"">&amp;rarr;</NU><Tag pos=""Point"" x=""3"" type=""InlineVariable"" g=""3"">&lt;xref refid = &quot;ch07se0304040505&quot; type = &quot;P.page&quot; ref_em = &quot;yes&quot; ref_pm = &quot;yes&quot; ref_fullpm = &quot;yes&quot;/&gt;</Tag>)","(<NU x=""2"" g=""2"">&amp;rarr;</NU><Tag pos=""Point"" x=""3"" type=""InlineVariable"" g=""3"">&lt;xref refid = &quot;ch07se0304040505&quot; type = &quot;P.page&quot; ref_em = &quot;yes&quot; ref_pm = &quot;yes&quot; ref_fullpm = &quot;yes&quot;/&gt;</Tag>)",""
"588","Warm water","Warm water","Translated"
"589","Baking soda","Baking soda (natriumwaterstofcarbonaat)","Translated"
"590","Grease","Smeervet","Translated"
"591","Conventional wrench (for terminal clamp bolts)","Steeksleutel (voor klembouten van aansluitingen)","Translated"
"592","Distilled water","Gedestilleerd water","Translated"
"593","Heater coolant level","Koelvloeistofniveau voor de verwarming","Translated"
"594","(<NU x=""2"" g=""2"">&amp;rarr;</NU><Tag pos=""Point"" x=""3"" type=""InlineVariable"" g=""3"">&lt;xref refid = &quot;ch07se0304040502&quot; type = &quot;P.page&quot; ref_em = &quot;yes&quot; ref_pm = &quot;yes&quot; ref_fullpm = &quot;yes&quot;/&gt;</Tag>)","(<NU x=""2"" g=""2"">&amp;rarr;</NU><Tag pos=""Point"" x=""3"" type=""InlineVariable"" g=""3"">&lt;xref refid = &quot;ch07se0304040502&quot; type = &quot;P.page&quot; ref_em = &quot;yes&quot; ref_pm = &quot;yes&quot; ref_fullpm = &quot;yes&quot;/&gt;</Tag>)",""
"595","“<Tag pos=""Point"" x=""4"" type=""Inline"">&lt;function&gt;GENUINE SUPER LONG LIFE COOLANT (PINK)&lt;/function&gt;</Tag>” or a similar high quality ethylene glycol-based non-silicate, non-amine, non-nitrite and non-borate coolant with long-life hybrid organic acid technology","“<Tag pos=""Point"" x=""4"" type=""Inline"">&lt;function&gt;GENUINE SUPER LONG LIFE COOLANT (PINK)&lt;/function&gt;</Tag>” of een vergelijkbare hoogwaardige koelvloeistof op ethyleenglycolbasis zonder silicaat, amine, nitriet en boraat, met hybride organischzuurtechnologie voor een lange levensduur","Translated"
"596","“<Tag pos=""Point"" x=""5"" type=""Inline"">&lt;function&gt;GENUINE SUPER LONG LIFE COOLANT (PINK)&lt;/function&gt;</Tag>” is pre-mixed with 50% coolant and 50% deionized water.","“<Tag pos=""Point"" x=""5"" type=""Inline"">&lt;function&gt;GENUINE SUPER LONG LIFE COOLANT (PINK)&lt;/function&gt;</Tag>” is een kant-en-klare mix van 50% koelvloeistof en 50% gedeïoniseerd water.","Translated"
"597","Funnel (used only for adding coolant)","Trechter (alleen gebruikt voor bijvullen van koelvloeistof)","Translated"
"598","Power control unit coolant level","Koelvloeistofniveau van eenheid voor vermogensregeling","Translated"
"599","(<NU x=""3"" g=""2"">&amp;rarr;</NU><Tag pos=""Point"" x=""4"" type=""InlineVariable"" g=""3"">&lt;xref refid = &quot;ch07se0304040504&quot; type = &quot;P.page&quot;/&gt;</Tag>)","(<NU x=""3"" g=""2"">&amp;rarr;</NU><Tag pos=""Point"" x=""4"" type=""InlineVariable"" g=""3"">&lt;xref refid = &quot;ch07se0304040504&quot; type = &quot;P.page&quot;/&gt;</Tag>)",""
"600","In order to ensure maximum performance of the traction battery cooling system and limit risks of battery short circuit and other damage to your vehicle, SUBARU recommends using “<Tag pos=""Point"" x=""4"" type=""Inline"">&lt;function&gt;Genuine Traction Battery Coolant&lt;/function&gt;</Tag>” or similar high-quality ethylene glycol-based, low electric conductivity coolant, non-amine and non-borate coolant with azole additives.","Om een optimale werking van het koelsysteem van de tractiebatterij te waarborgen en het risico op kortsluiting van de batterij en andere schade aan uw auto te beperken, adviseert SUBARU het gebruik van “<Tag pos=""Point"" x=""4"" type=""Inline"">&lt;function&gt;Genuine Traction Battery Coolant&lt;/function&gt;</Tag>” of een vergelijkbare hoogwaardige koelvloeistof op ethyleenglycolbasis met een laag elektrisch geleidingsvermogen, koelvloeistof zonder amine en boraat met op azolen gebaseerde additieven.","Translated"
"601","Funnel (used only for adding coolant)","Trechter (alleen gebruikt voor bijvullen van koelvloeistof)","Translated"
"602","Fuses ","Zekeringen ","Translated"
"603","(<NU x=""2"" g=""2"">&amp;rarr;</NU><Tag pos=""Point"" x=""3"" type=""InlineVariable"" g=""3"">&lt;xref refid = &quot;ch07se030411&quot; type = &quot;P.page&quot; ref_em = &quot;yes&quot; ref_pm = &quot;yes&quot; ref_fullpm = &quot;yes&quot;/&gt;</Tag>)","(<NU x=""2"" g=""2"">&amp;rarr;</NU><Tag pos=""Point"" x=""3"" type=""InlineVariable"" g=""3"">&lt;xref refid = &quot;ch07se030411&quot; type = &quot;P.page&quot; ref_em = &quot;yes&quot; ref_pm = &quot;yes&quot; ref_fullpm = &quot;yes&quot;/&gt;</Tag>)",""
"604","Fuse with same amperage rating as original","Zekering met dezelfde nominale ampèrage als de originele","Translated"
"605","Radiator","Radiateur","Translated"
"606","(<NU x=""2"" g=""2"">&amp;rarr;</NU><Tag pos=""Point"" x=""3"" type=""InlineVariable"" g=""3"">&lt;xref refid = &quot;ch07se0304040503&quot; type = &quot;P.page&quot; ref_em = &quot;yes&quot; ref_pm = &quot;yes&quot; ref_fullpm = &quot;yes&quot;/&gt;</Tag>)","(<NU x=""2"" g=""2"">&amp;rarr;</NU><Tag pos=""Point"" x=""3"" type=""InlineVariable"" g=""3"">&lt;xref refid = &quot;ch07se0304040503&quot; type = &quot;P.page&quot; ref_em = &quot;yes&quot; ref_pm = &quot;yes&quot; ref_fullpm = &quot;yes&quot;/&gt;</Tag>)",""
"607","−","−","Translated"
"608","Tire inflation pressure ","Bandenspanning ","Translated"
"609","(<NU x=""2"" g=""2"">&amp;rarr;</NU><Tag pos=""Point"" x=""3"" type=""InlineVariable"" g=""3"">&lt;xref refid = &quot;ch07se030407&quot; type = &quot;P.page&quot; ref_em = &quot;yes&quot; ref_pm = &quot;yes&quot; ref_fullpm = &quot;yes&quot;/&gt;</Tag>)","(<NU x=""2"" g=""2"">&amp;rarr;</NU><Tag pos=""Point"" x=""3"" type=""InlineVariable"" g=""3"">&lt;xref refid = &quot;ch07se030407&quot; type = &quot;P.page&quot; ref_em = &quot;yes&quot; ref_pm = &quot;yes&quot; ref_fullpm = &quot;yes&quot;/&gt;</Tag>)",""
"610","Tire pressure gauge","Bandenspanningsmeter","Translated"
"611","Compressed air source","Bron van perslucht","Translated"
"612","Washer fluid","Ruitensproeiervloeistof","Translated"
"613","(<NU x=""2"" g=""2"">&amp;rarr;</NU><Tag pos=""Point"" x=""3"" type=""InlineVariable"" g=""3"">&lt;xref refid = &quot;ch07se0304040506&quot; type = &quot;P.page&quot; ref_em = &quot;yes&quot; ref_pm = &quot;yes&quot; ref_fullpm = &quot;yes&quot;/&gt;</Tag>)","(<NU x=""2"" g=""2"">&amp;rarr;</NU><Tag pos=""Point"" x=""3"" type=""InlineVariable"" g=""3"">&lt;xref refid = &quot;ch07se0304040506&quot; type = &quot;P.page&quot; ref_em = &quot;yes&quot; ref_pm = &quot;yes&quot; ref_fullpm = &quot;yes&quot;/&gt;</Tag>)",""
"614","Water or washer fluid containing antifreeze (for winter use)","Water of ruitensproeiervloeistof met antivries (voor gebruik in de winter)","Translated"
"615","Funnel (used only for adding water or washer fluid)","Trechter (alleen gebruikt voor bijvullen van water of ruitensproeiervloeistof)","Translated"
"616","The motor compartment contains many mechanisms and fluids that may move suddenly, become hot, or become electrically energized. ","De motorruimte bevat een groot aantal mechanismen en vloeistoffen die plotseling kunnen bewegen, heet worden of stroom voeren. ","Translated"
"617","To avoid death or serious injury, observe the following precautions.","Neem de volgende voorzorgsmaatregelen in acht om ernstig of dodelijk letsel te voorkomen.","Translated"
"618","When working on the motor compartment","Bij het werken in de motorruimte","Translated"
"619","Make sure that “<Tag pos=""Point"" x=""3"" type=""Inline"">&lt;function&gt;POWER ON&lt;/function&gt;</Tag>” on the multi-information display and the “<Tag pos=""Point"" x=""4"" type=""Inline"">&lt;function&gt;READY&lt;/function&gt;</Tag>” indicator are both off.","Controleer of “<Tag pos=""Point"" x=""3"" type=""Inline"">&lt;function&gt;POWER ON&lt;/function&gt;</Tag>” op het multi-informatiedisplay en het indicatielampje “<Tag pos=""Point"" x=""4"" type=""Inline"">&lt;function&gt;READY&lt;/function&gt;</Tag>” allebei uit zijn.","Translated"
"620","Keep hands, clothing and tools away from the moving fan.","Houd uw handen, kleding en gereedschap uit de buurt van de draaiende ventilator.","Translated"
"621","Be careful not to touch the motor, power control unit, radiator, etc., right after driving as they may be hot. ","Raak de motor, eenheid voor vermogensregeling, radiateur, enz. niet kort na het rijden aan: deze kunnen heet zijn. ","Translated"
"622","Coolant and other fluids may also be hot.","Ook koelvloeistof en andere vloeistoffen kunnen heet zijn.","Translated"
"623","Do not leave anything that may burn easily, such as paper and rags, in the motor compartment.","Laat niets achter in de motorruimte dat gemakkelijk kan branden, zoals papier en doeken.","Translated"
"624","Do not smoke, cause sparks or expose an open flame to the 12-volt battery. ","Rook niet in de buurt van de 12V-batterij, en stel deze niet bloot aan vonken of open vuur. ","Translated"
"625","12-volt battery fumes are flammable.","De dampen van de 12V-batterij zijn brandbaar.","Translated"
"626","Be extremely cautious when working on the 12-volt battery. ","Wees zeer voorzichtig wanneer u werkt aan de 12V-batterij. ","Translated"
"627","It contains poisonous and corrosive sulfuric acid.","Deze bevat giftig en corroderend zwavelzuur.","Translated"
"628","Never touch, disassemble, remove or replace the high voltage parts, cables and their connectors. ","Raak de hoogspanningscomponenten, -kabels en -aansluitingen nooit aan, en demonteer, verwijder of vervang ze niet. ","Translated"
"629","It can cause severe burns or electric shock that may result in death or serious injury.","Dit kan leiden tot ernstige brandwonden of een elektrische schok met ernstig of dodelijk letsel tot gevolg.","Translated"
"630","Take care because brake fluid can harm your hands or eyes and damage painted surfaces. ","Pas op: remvloeistof kan uw handen en ogen verwonden en gelakte oppervlakken beschadigen. ","Translated"
"631","If fluid gets on your hands or in your eyes, flush the affected area with clean water immediately. ","Als er vloeistof op uw handen of in uw ogen komt, spoelt u deze onmiddellijk met schoon water. ","Translated"
"632","If you still experience discomfort, consult a doctor.","Als u nog steeds ongemak ervaart, raadpleegt u een arts.","Translated"
"633","When working near the electric cooling fan or radiator grille","Bij het werken in de buurt van de elektrische koelventilator of de grille","Translated"
"634","Be sure the power switch is OFF.","Controleer of het contact UIT staat.","Translated"
"635","With the power switch in ON, the electric cooling fan may automatically start to run if the air conditioning is on and/or the coolant temperature is high. ","Als het contact op AAN staat, kan de elektrische koelventilator automatisch worden gestart als de airco is ingeschakeld en/of de koelvloeistoftemperatuur hoog is. ","Translated"
"636","(<NU x=""1"" g=""2"">&amp;rarr;</NU><Tag pos=""Point"" x=""2"" type=""InlineVariable"" g=""3"">&lt;xref refid = &quot;ch07se0304040503&quot; type = &quot;P.page&quot; ref_em = &quot;yes&quot; ref_pm = &quot;yes&quot; ref_fullpm = &quot;yes&quot;/&gt;</Tag>)","(<NU x=""1"" g=""2"">&amp;rarr;</NU><Tag pos=""Point"" x=""2"" type=""InlineVariable"" g=""3"">&lt;xref refid = &quot;ch07se0304040503&quot; type = &quot;P.page&quot; ref_em = &quot;yes&quot; ref_pm = &quot;yes&quot; ref_fullpm = &quot;yes&quot;/&gt;</Tag>)",""
"637","Safety glasses","Veiligheidsbril","Translated"
"638","Wear safety glasses to prevent flying or falling material, fluid spray, etc., from getting in your eyes.","Draag een veiligheidsbril om te voorkomen dat rondvliegend of vallend materiaal, vloeistofspray, enz. in uw ogen komt.","Translated"
"639","If the fluid level is low or high","Als het vloeistofniveau laag of hoog is","Translated"
"640","It is normal for the brake fluid level to go down slightly as the brake pads wear or when the fluid level in the accumulator is high.","Het is normaal dat het remvloeistofniveau iets afneemt naarmate de remblokken slijten of als het vloeistofniveau in de accumulator hoog is.","Translated"
"641","If the reservoir needs frequent refilling, it may indicate a serious problem.","Als het reservoir vaak moet worden bijgevuld, kan dit wijzen op een ernstig probleem.","Translated"
"642","Hood","Motorkap","Translated"
"643","Lever:","Hendel:","Translated"
"644","Auxiliary catch lever","Motorkapgrendel","Translated"
"645","Lever:","Hendel:","Translated"
"646","Hood lock release lever","Hendel voor ontgrendeling van motorkap","Translated"
"647","Opener:","Schakelaar voor openen:","Translated"
"648","Hood","Motorkap","Translated"
"649","Hood","Motorkap","Translated"
"650","Opening the hood","De motorkap openen","Translated"
"651","Pull the hood lock release lever.","Trek aan de hendel voor ontgrendeling van motorkap.","Translated"
"652","The hood will pop up slightly.","De motorkap komt iets omhoog.","Translated"
"653","Pull up the auxiliary catch lever to the left and lift the hood.","Trek de motorkapgrendel aan de linkerkant omhoog en breng de motorkap omhoog.","Translated"
"654","Hold the hood open by inserting the supporting rod into the slot.","Houd de motorkap open door de steunstang aan te brengen in de sleuf.","Translated"
"655","Pre-driving check","Controle voordat u gaat rijden","Translated"
"656","Check that the hood is fully closed and locked.","Controleer of de motorkap helemaal is gesloten en is vergrendeld.","Translated"
"657","If the hood is not locked properly, it may open while the vehicle is in motion and cause an accident, which may result in death or serious injury.","Als de motorkap niet goed is vergrendeld, kan deze opengaan terwijl de auto rijdt, wat kan leiden tot een ongeval met ernstig of dodelijk letsel tot gevolg.","Translated"
"658","After installing the support rod into the slot","Nadat de steunstang is aangebracht in de sleuf","Translated"
"659","Make sure the rod is properly inserted into the slot to prevent the hood from shutting on your head or body.","Zorg dat de stang goed in de sleuf is gestoken, zodat de motorkap niet kan dichtklappen op uw hoofd of lichaam.","Translated"
"660","When closing the hood","Bij het sluiten van de motorkap","Translated"
"661","When closing the hood, take extra care to prevent your fingers etc., from being caught.","Wees bij het sluiten van de motorkap extra voorzichtig om te voorkomen dat uw vingers e.d. bekneld raken.","Translated"
"662","When closing the hood","Bij het sluiten van de motorkap","Translated"
"663","Be sure to return the support rod to its clip before closing the hood. ","Plaats de steunstang weer in zijn klem voordat u de motorkap sluit. ","Translated"
"664","Closing the hood without returning the support rod properly may cause the hood to be damaged.","Als u de motorkap sluit zonder dat de steunstang weer goed is opgeborgen, kan dit leiden tot schade aan de motorkap.","Translated"
"665","Jack:","Krik:","Translated"
"666","Positioning a floor jack","Plaatsen van een krik","Translated"
"667","Positioning a floor jack","Plaatsen van een krik","Translated"
"668","When using a floor jack, follow the instructions in the manual provided with the jack and perform the operation safely.","Volg bij gebruik van een krik de instructies in de handleiding van de krik, en zorg dat u de handelingen veilig uitvoert.","Translated"
"669","When raising your vehicle with a floor jack, position the jack correctly. ","Plaats de krik juist wanneer u uw auto gaat opkrikken. ","Translated"
"670","Improper placement may damage your vehicle or cause injury.","Een onjuiste plaatsing kan leiden tot schade aan uw auto of tot letsel.","Translated"
"671","Location of the jack point","Locatie van het krikpunt","Translated"
"672","Front","Vóór","Translated"
"673","Rear","Achter","Translated"
"674","Motor:","Motor:","Translated"
"675","Compartment","Ruimte","Translated"
"676","Motor compartment","Motorruimte","Translated"
"677","Components","Componenten","Translated"
"678","<Tag pos=""Point"" x=""3"" type=""InlineImage"">&lt;symbol href = &quot;../common/step_a.eps&quot; width = &quot;4.177mm&quot; height = &quot;4.176mm&quot; xoffset = &quot;0.000mm&quot; yoffset = &quot;0.000mm&quot;/&gt;</Tag>","<Tag pos=""Point"" x=""3"" type=""InlineImage"">&lt;symbol href = &quot;../common/step_a.eps&quot; width = &quot;4.177mm&quot; height = &quot;4.176mm&quot; xoffset = &quot;0.000mm&quot; yoffset = &quot;0.000mm&quot;/&gt;</Tag>",""
"679","Heater coolant reservoir ","Koelvloeistofreservoir voor de verwarming ","Translated"
"680","(<NU x=""5"" g=""2"">&amp;rarr;</NU><Tag pos=""Point"" x=""6"" type=""InlineVariable"" g=""3"">&lt;xref refid = &quot;ch07se0304040502&quot; type = &quot;P.page&quot; ref_em = &quot;yes&quot; ref_pm = &quot;yes&quot; ref_fullpm = &quot;yes&quot;/&gt;</Tag>)","(<NU x=""5"" g=""2"">&amp;rarr;</NU><Tag pos=""Point"" x=""6"" type=""InlineVariable"" g=""3"">&lt;xref refid = &quot;ch07se0304040502&quot; type = &quot;P.page&quot; ref_em = &quot;yes&quot; ref_pm = &quot;yes&quot; ref_fullpm = &quot;yes&quot;/&gt;</Tag>)",""
"681","<Tag pos=""Point"" x=""2"" type=""InlineImage"">&lt;symbol href = &quot;../common/step_b.eps&quot; width = &quot;4.177mm&quot; height = &quot;4.176mm&quot; xoffset = &quot;0.000mm&quot; yoffset = &quot;0.000mm&quot;/&gt;</Tag>","<Tag pos=""Point"" x=""2"" type=""InlineImage"">&lt;symbol href = &quot;../common/step_b.eps&quot; width = &quot;4.177mm&quot; height = &quot;4.176mm&quot; xoffset = &quot;0.000mm&quot; yoffset = &quot;0.000mm&quot;/&gt;</Tag>",""
"682","Washer fluid tank ","Ruitensproeierreservoir ","Translated"
"683","(<NU x=""4"" g=""2"">&amp;rarr;</NU><Tag pos=""Point"" x=""5"" type=""InlineVariable"" g=""3"">&lt;xref refid = &quot;ch07se0304040506&quot; type = &quot;P.page&quot; ref_em = &quot;yes&quot; ref_pm = &quot;yes&quot; ref_fullpm = &quot;yes&quot;/&gt;</Tag>)","(<NU x=""4"" g=""2"">&amp;rarr;</NU><Tag pos=""Point"" x=""5"" type=""InlineVariable"" g=""3"">&lt;xref refid = &quot;ch07se0304040506&quot; type = &quot;P.page&quot; ref_em = &quot;yes&quot; ref_pm = &quot;yes&quot; ref_fullpm = &quot;yes&quot;/&gt;</Tag>)",""
"684","<Tag pos=""Point"" x=""2"" type=""InlineImage"">&lt;symbol href = &quot;../common/step_c.eps&quot; width = &quot;4.177mm&quot; height = &quot;4.176mm&quot; xoffset = &quot;0.000mm&quot; yoffset = &quot;0.000mm&quot;/&gt;</Tag>","<Tag pos=""Point"" x=""2"" type=""InlineImage"">&lt;symbol href = &quot;../common/step_c.eps&quot; width = &quot;4.177mm&quot; height = &quot;4.176mm&quot; xoffset = &quot;0.000mm&quot; yoffset = &quot;0.000mm&quot;/&gt;</Tag>",""
"685","Power control unit coolant reservoir ","Koelvloeistofreservoir voor de eenheid voor vermogensregeling ","Translated"
"686","(<NU x=""4"" g=""2"">&amp;rarr;</NU><Tag pos=""Point"" x=""5"" type=""InlineVariable"" g=""3"">&lt;xref refid = &quot;ch07se0304040504&quot; type = &quot;P.page&quot;/&gt;</Tag>)","(<NU x=""4"" g=""2"">&amp;rarr;</NU><Tag pos=""Point"" x=""5"" type=""InlineVariable"" g=""3"">&lt;xref refid = &quot;ch07se0304040504&quot; type = &quot;P.page&quot;/&gt;</Tag>)",""
"687","<Tag pos=""Point"" x=""2"" type=""InlineImage"">&lt;symbol href = &quot;../common/step_d.eps&quot; width = &quot;4.177mm&quot; height = &quot;4.176mm&quot; xoffset = &quot;0.000mm&quot; yoffset = &quot;0.000mm&quot;/&gt;</Tag>","<Tag pos=""Point"" x=""2"" type=""InlineImage"">&lt;symbol href = &quot;../common/step_d.eps&quot; width = &quot;4.177mm&quot; height = &quot;4.176mm&quot; xoffset = &quot;0.000mm&quot; yoffset = &quot;0.000mm&quot;/&gt;</Tag>",""
"688","12-volt battery ","12V-batterij ","Translated"
"689","(<NU x=""4"" g=""2"">&amp;rarr;</NU><Tag pos=""Point"" x=""5"" type=""InlineVariable"" g=""3"">&lt;xref refid = &quot;ch07se0304040505&quot; type = &quot;P.page&quot; ref_em = &quot;yes&quot; ref_pm = &quot;yes&quot; ref_fullpm = &quot;yes&quot;/&gt;</Tag>)","(<NU x=""4"" g=""2"">&amp;rarr;</NU><Tag pos=""Point"" x=""5"" type=""InlineVariable"" g=""3"">&lt;xref refid = &quot;ch07se0304040505&quot; type = &quot;P.page&quot; ref_em = &quot;yes&quot; ref_pm = &quot;yes&quot; ref_fullpm = &quot;yes&quot;/&gt;</Tag>)",""
"690","<Tag pos=""Point"" x=""2"" type=""InlineImage"">&lt;symbol href = &quot;../common/step_e.eps&quot; width = &quot;4.177mm&quot; height = &quot;4.176mm&quot; xoffset = &quot;0.000mm&quot; yoffset = &quot;0.000mm&quot;/&gt;</Tag>","<Tag pos=""Point"" x=""2"" type=""InlineImage"">&lt;symbol href = &quot;../common/step_e.eps&quot; width = &quot;4.177mm&quot; height = &quot;4.176mm&quot; xoffset = &quot;0.000mm&quot; yoffset = &quot;0.000mm&quot;/&gt;</Tag>",""
"691","Fuse box ","Zekeringenkastje ","Translated"
"692","(<NU x=""4"" g=""2"">&amp;rarr;</NU><Tag pos=""Point"" x=""5"" type=""InlineVariable"" g=""3"">&lt;xref refid = &quot;ch07se030411&quot; type = &quot;P.page&quot; ref_em = &quot;yes&quot; ref_pm = &quot;yes&quot; ref_fullpm = &quot;yes&quot;/&gt;</Tag>)","(<NU x=""4"" g=""2"">&amp;rarr;</NU><Tag pos=""Point"" x=""5"" type=""InlineVariable"" g=""3"">&lt;xref refid = &quot;ch07se030411&quot; type = &quot;P.page&quot; ref_em = &quot;yes&quot; ref_pm = &quot;yes&quot; ref_fullpm = &quot;yes&quot;/&gt;</Tag>)",""
"693","<Tag pos=""Point"" x=""2"" type=""InlineImage"">&lt;symbol href = &quot;../common/step_f.eps&quot; width = &quot;4.177mm&quot; height = &quot;4.176mm&quot; xoffset = &quot;0.000mm&quot; yoffset = &quot;0.000mm&quot;/&gt;</Tag>","<Tag pos=""Point"" x=""2"" type=""InlineImage"">&lt;symbol href = &quot;../common/step_f.eps&quot; width = &quot;4.177mm&quot; height = &quot;4.176mm&quot; xoffset = &quot;0.000mm&quot; yoffset = &quot;0.000mm&quot;/&gt;</Tag>",""
"694","Radiator ","Radiateur ","Translated"
"695","(<NU x=""4"" g=""2"">&amp;rarr;</NU><Tag pos=""Point"" x=""5"" type=""InlineVariable"" g=""3"">&lt;xref refid = &quot;ch07se0304040503&quot; type = &quot;P.page&quot; ref_em = &quot;yes&quot; ref_pm = &quot;yes&quot; ref_fullpm = &quot;yes&quot;/&gt;</Tag>)","(<NU x=""4"" g=""2"">&amp;rarr;</NU><Tag pos=""Point"" x=""5"" type=""InlineVariable"" g=""3"">&lt;xref refid = &quot;ch07se0304040503&quot; type = &quot;P.page&quot; ref_em = &quot;yes&quot; ref_pm = &quot;yes&quot; ref_fullpm = &quot;yes&quot;/&gt;</Tag>)",""
"696","<Tag pos=""Point"" x=""2"" type=""InlineImage"">&lt;symbol href = &quot;../common/step_g.eps&quot; width = &quot;4.177mm&quot; height = &quot;4.176mm&quot; xoffset = &quot;0.000mm&quot; yoffset = &quot;0.000mm&quot;/&gt;</Tag>","<Tag pos=""Point"" x=""2"" type=""InlineImage"">&lt;symbol href = &quot;../common/step_g.eps&quot; width = &quot;4.177mm&quot; height = &quot;4.176mm&quot; xoffset = &quot;0.000mm&quot; yoffset = &quot;0.000mm&quot;/&gt;</Tag>",""
"697","Electric cooling fan","Elektrische koelventilator","Translated"
"698","Coolant:","Koelvloeistof:","Translated"
"699","Checking","Controleren","Translated"
"700","Heater coolant:","Koelvloeistof van de verwarming:","Translated"
"701","Checking","Controleren","Translated"
"702","Checking the heater coolant","Koelvloeistof van de verwarming controleren","Translated"
"703","The coolant level is satisfactory if it is between the “<Tag pos=""Point"" x=""2"" type=""Inline"">&lt;function&gt;MAX&lt;/function&gt;</Tag>” and “<Tag pos=""Point"" x=""3"" type=""Inline"">&lt;function&gt;MIN&lt;/function&gt;</Tag>” lines on the reservoir when the EV system is cold.","Het koelvloeistofniveau is goed als de vloeistof reikt tot tussen de lijnen “<Tag pos=""Point"" x=""2"" type=""Inline"">&lt;function&gt;MAX&lt;/function&gt;</Tag>” en “<Tag pos=""Point"" x=""3"" type=""Inline"">&lt;function&gt;MIN&lt;/function&gt;</Tag>” op het reservoir wanneer het EV-systeem koud is.","Translated"
"704","<Tag pos=""Point"" x=""3"" type=""InlineImage"">&lt;symbol href = &quot;../common/step_a.eps&quot; width = &quot;4.177mm&quot; height = &quot;4.176mm&quot; xoffset = &quot;0.000mm&quot; yoffset = &quot;0.000mm&quot;/&gt;</Tag>","<Tag pos=""Point"" x=""3"" type=""InlineImage"">&lt;symbol href = &quot;../common/step_a.eps&quot; width = &quot;4.177mm&quot; height = &quot;4.176mm&quot; xoffset = &quot;0.000mm&quot; yoffset = &quot;0.000mm&quot;/&gt;</Tag>",""
"705","Reservoir cap","Dop van reservoir","Translated"
"706","<Tag pos=""Point"" x=""2"" type=""InlineImage"">&lt;symbol href = &quot;../common/step_b.eps&quot; width = &quot;4.177mm&quot; height = &quot;4.176mm&quot; xoffset = &quot;0.000mm&quot; yoffset = &quot;0.000mm&quot;/&gt;</Tag>","<Tag pos=""Point"" x=""2"" type=""InlineImage"">&lt;symbol href = &quot;../common/step_b.eps&quot; width = &quot;4.177mm&quot; height = &quot;4.176mm&quot; xoffset = &quot;0.000mm&quot; yoffset = &quot;0.000mm&quot;/&gt;</Tag>",""
"707","“<Tag pos=""Point"" x=""4"" type=""Inline"">&lt;function&gt;MAX&lt;/function&gt;</Tag>” line","Lijn “<Tag pos=""Point"" x=""4"" type=""Inline"">&lt;function&gt;MAX&lt;/function&gt;</Tag>”","Translated"
"708","<Tag pos=""Point"" x=""2"" type=""InlineImage"">&lt;symbol href = &quot;../common/step_c.eps&quot; width = &quot;4.177mm&quot; height = &quot;4.176mm&quot; xoffset = &quot;0.000mm&quot; yoffset = &quot;0.000mm&quot;/&gt;</Tag>","<Tag pos=""Point"" x=""2"" type=""InlineImage"">&lt;symbol href = &quot;../common/step_c.eps&quot; width = &quot;4.177mm&quot; height = &quot;4.176mm&quot; xoffset = &quot;0.000mm&quot; yoffset = &quot;0.000mm&quot;/&gt;</Tag>",""
"709","“<Tag pos=""Point"" x=""4"" type=""Inline"">&lt;function&gt;MIN&lt;/function&gt;</Tag>” line","Lijn “<Tag pos=""Point"" x=""4"" type=""Inline"">&lt;function&gt;MIN&lt;/function&gt;</Tag>”","Translated"
"710","If the level is on or below the “<Tag pos=""Point"" x=""1"" type=""Inline"">&lt;function&gt;MIN&lt;/function&gt;</Tag>” line, add coolant up to the “<Tag pos=""Point"" x=""2"" type=""Inline"">&lt;function&gt;MAX&lt;/function&gt;</Tag>” line. ","Als de vloeistof niet voorbij de lijn “<Tag pos=""Point"" x=""1"" type=""Inline"">&lt;function&gt;MIN&lt;/function&gt;</Tag>” komt, vult u koelvloeistof bij tot de lijn “<Tag pos=""Point"" x=""2"" type=""Inline"">&lt;function&gt;MAX&lt;/function&gt;</Tag>”. ","Translated"
"711","(<NU x=""3"" g=""2"">&amp;rarr;</NU><Tag pos=""Point"" x=""4"" type=""InlineVariable"" g=""3"">&lt;xref type = &quot;P.page&quot; srcfile = &quot;A6790GEtoeuenvhch08.xml#ch08se020411&quot; ref_em = &quot;yes&quot; ref_pm = &quot;yes&quot; ref_fullpm = &quot;yes&quot;/&gt;</Tag>)","(<NU x=""3"" g=""2"">&amp;rarr;</NU><Tag pos=""Point"" x=""4"" type=""InlineVariable"" g=""3"">&lt;xref type = &quot;P.page&quot; srcfile = &quot;A6790GEtoeuenvhch08.xml#ch08se020411&quot; ref_em = &quot;yes&quot; ref_pm = &quot;yes&quot; ref_fullpm = &quot;yes&quot;/&gt;</Tag>)",""
"712","Coolant selection","Keuze van koelvloeistof","Translated"
"713","Only use “<Tag pos=""Point"" x=""1"" type=""Inline"">&lt;function&gt;GENUINE SUPER LONG LIFE COOLANT (PINK)&lt;/function&gt;</Tag>” or a similar high quality ethylene glycol-based non-silicate, non-amine, non-nitrite, and non-borate coolant with long-life hybrid organic acid technology.","Gebruik alleen “<Tag pos=""Point"" x=""1"" type=""Inline"">&lt;function&gt;GENUINE SUPER LONG LIFE COOLANT (PINK)&lt;/function&gt;</Tag>” of een vergelijkbare hoogwaardige koelvloeistof op ethyleenglycolbasis zonder silicaat, amine, nitriet en boraat, met hybride organischzuurtechnologie voor een lange levensduur.","Translated"
"714","“<Tag pos=""Point"" x=""1"" type=""Inline"">&lt;function&gt;GENUINE SUPER LONG LIFE COOLANT (PINK)&lt;/function&gt;</Tag>” is a mixture of 50% coolant and 50% deionized water.","“<Tag pos=""Point"" x=""1"" type=""Inline"">&lt;function&gt;GENUINE SUPER LONG LIFE COOLANT (PINK)&lt;/function&gt;</Tag>” is een kant-en-klare mix van 50% koelvloeistof en 50% gedeïoniseerd water.","Translated"
"715","(Minimum temperature: -35°C [-31°F])","(Minimumtemperatuur: -35°C)","Translated"
"716","For more details about coolant, contact any authorized SUBARU retailer or SUBARU authorized repairer, or any reliable repairer.","Neem voor meer informatie over de koelvloeistof contact op met een erkende SUBARU-dealer, erkende SUBARU-reparateur, of andere betrouwbare reparateur.","Translated"
"717","If the coolant level drops within a short time of replenishing","Als het koelvloeistofniveau kort na het bijvullen afneemt","Translated"
"718","Visually check the radiator, hoses, power control unit coolant reservoir caps and water pump.","Controleer visueel de radiateur, slangen, doppen van het koelvloeistofreservoir voor de eenheid voor vermogensregeling en de waterpomp.","Translated"
"719","If you cannot find a leak, have any authorized SUBARU retailer or SUBARU authorized repairer, or any reliable repairer, test the cap and check for leaks in the cooling system.","Als u geen lek kunt vinden, laat u een erkende SUBARU-dealer, erkende SUBARU-reparateur, of andere betrouwbare reparateur de dop testen en het koelsysteem op lekkage controleren.","Translated"
"720","When the heater system is hot","Wanneer het verwarmingssysteem heet is","Translated"
"721","Do not remove the heater coolant reservoir caps.","Verwijder de doppen van het koelvloeistofreservoir voor de verwarming niet.","Translated"
"722","The heater system may be under pressure and may spray hot coolant if the cap is removed, causing serious injuries, such as burns.","Het verwarmingssysteem kan onder druk staan en als de dop wordt verwijderd, kan hete koelvloeistof eruit spuiten, wat kan leiden tot ernstig letsel, zoals brandwonden.","Translated"
"723","When adding coolant","Bij het bijvullen van koelvloeistof","Translated"
"724","Coolant is neither plain water nor straight antifreeze. ","Koelvloeistof is geen gewoon water en geen pure antivries. ","Translated"
"725","The correct mixture of water and antifreeze must be used to provide proper lubrication, corrosion protection and cooling. ","Het juiste mengsel van water en antivries moet worden gebruikt voor een goede smering, corrosiebescherming en koeling. ","Translated"
"726","Be sure to read the antifreeze or coolant label.","Lees het etiket van de antivries of koelvloeistof.","Translated"
"727","If you spill coolant","Als u koelvloeistof knoeit","Translated"
"728","Be sure to wash it off with water to prevent it from damaging parts or paint.","Spoel hem weg met water om te voorkomen dat hij onderdelen of de lak beschadigt.","Translated"
"729","Radiator","Radiateur","Translated"
"730","Checking the radiator","De radiateur controleren","Translated"
"731","Check the radiator and clear away any foreign objects.","Controleer de radiateur en verwijder alle vreemde voorwerpen.","Translated"
"732","If either of the above parts is extremely dirty or you are not sure of their condition, have your vehicle inspected by any authorized SUBARU retailer or SUBARU authorized repairer, or any reliable repairer.","Als een van de bovengenoemde onderdelen extreem vies is of als u twijfelt over de staat ervan, laat u uw auto inspecteren door een erkende SUBARU-dealer, erkende SUBARU-reparateur, of andere betrouwbare reparateur.","Translated"
"733","When the EV system is hot","Wanneer het EV-systeem heet is","Translated"
"734","Do not touch the radiator as they may be hot and cause serious injuries, such as burns.","Raak de radiateur niet aan: deze kan heet zijn en ernstig letsel veroorzaken, zoals brandwonden.","Translated"
"735","When the electric cooling fan is operating","Wanneer de elektrische koelventilator actief is","Translated"
"736","Do not touch the motor compartment.","Raak de motorruimte niet aan.","Translated"
"737","With the power switch in ON, the electric cooling fan may automatically start to run if the air conditioning is on and/or the coolant temperature is high. ","Als het contact op AAN staat, kan de elektrische koelventilator automatisch worden gestart als de airco is ingeschakeld en/of de koelvloeistoftemperatuur hoog is. ","Translated"
"738","Be sure the power switch is OFF when working near the electric cooling fan or radiator grille.","Zorg dat het contact op UIT staat wanneer u werkzaamheden uitvoert in de buurt van de elektrische koelventilator of de grille van de radiateur.","Translated"
"739","Power control unit coolant:","Koelvloeistof van de eenheid voor vermogensregeling:","Translated"
"740","Checking","Controleren","Translated"
"741","Coolant:","Koelvloeistof:","Translated"
"742","Checking","Controleren","Translated"
"743","Checking the power control unit coolant","De koelvloeistof van de eenheid voor vermogensregeling controleren","Translated"
"744","The coolant level is satisfactory if it is between the “<Tag pos=""Point"" x=""2"" type=""Inline"">&lt;function&gt;MAX&lt;/function&gt;</Tag>” and “<Tag pos=""Point"" x=""3"" type=""Inline"">&lt;function&gt;MIN&lt;/function&gt;</Tag>” lines on the reservoir when the EV system is cold.","Het koelvloeistofniveau is goed als de vloeistof reikt tot tussen de lijnen “<Tag pos=""Point"" x=""2"" type=""Inline"">&lt;function&gt;MAX&lt;/function&gt;</Tag>” en “<Tag pos=""Point"" x=""3"" type=""Inline"">&lt;function&gt;MIN&lt;/function&gt;</Tag>” op het reservoir wanneer het EV-systeem koud is.","Translated"
"745","<Tag pos=""Point"" x=""3"" type=""InlineImage"">&lt;symbol href = &quot;../common/step_a.eps&quot; width = &quot;4.177mm&quot; height = &quot;4.176mm&quot; xoffset = &quot;0.000mm&quot; yoffset = &quot;0.000mm&quot;/&gt;</Tag>","<Tag pos=""Point"" x=""3"" type=""InlineImage"">&lt;symbol href = &quot;../common/step_a.eps&quot; width = &quot;4.177mm&quot; height = &quot;4.176mm&quot; xoffset = &quot;0.000mm&quot; yoffset = &quot;0.000mm&quot;/&gt;</Tag>",""
"746","Reservoir cap","Dop van reservoir","Translated"
"747","<Tag pos=""Point"" x=""2"" type=""InlineImage"">&lt;symbol href = &quot;../common/step_b.eps&quot; width = &quot;4.177mm&quot; height = &quot;4.176mm&quot; xoffset = &quot;0.000mm&quot; yoffset = &quot;0.000mm&quot;/&gt;</Tag>","<Tag pos=""Point"" x=""2"" type=""InlineImage"">&lt;symbol href = &quot;../common/step_b.eps&quot; width = &quot;4.177mm&quot; height = &quot;4.176mm&quot; xoffset = &quot;0.000mm&quot; yoffset = &quot;0.000mm&quot;/&gt;</Tag>",""
"748","“<Tag pos=""Point"" x=""4"" type=""Inline"">&lt;function&gt;MAX&lt;/function&gt;</Tag>” line","Lijn “<Tag pos=""Point"" x=""4"" type=""Inline"">&lt;function&gt;MAX&lt;/function&gt;</Tag>”","Translated"
"749","<Tag pos=""Point"" x=""2"" type=""InlineImage"">&lt;symbol href = &quot;../common/step_c.eps&quot; width = &quot;4.177mm&quot; height = &quot;4.176mm&quot; xoffset = &quot;0.000mm&quot; yoffset = &quot;0.000mm&quot;/&gt;</Tag>","<Tag pos=""Point"" x=""2"" type=""InlineImage"">&lt;symbol href = &quot;../common/step_c.eps&quot; width = &quot;4.177mm&quot; height = &quot;4.176mm&quot; xoffset = &quot;0.000mm&quot; yoffset = &quot;0.000mm&quot;/&gt;</Tag>",""
"750","“<Tag pos=""Point"" x=""4"" type=""Inline"">&lt;function&gt;MIN&lt;/function&gt;</Tag>” line","Lijn “<Tag pos=""Point"" x=""4"" type=""Inline"">&lt;function&gt;MIN&lt;/function&gt;</Tag>”","Translated"
"751","If the level is on or below the “<Tag pos=""Point"" x=""1"" type=""Inline"">&lt;function&gt;MIN&lt;/function&gt;</Tag>” line, add coolant up to the “<Tag pos=""Point"" x=""2"" type=""Inline"">&lt;function&gt;MAX&lt;/function&gt;</Tag>” line.","Als de vloeistof niet voorbij de lijn “<Tag pos=""Point"" x=""1"" type=""Inline"">&lt;function&gt;MIN&lt;/function&gt;</Tag>” komt, vult u koelvloeistof bij tot de lijn “<Tag pos=""Point"" x=""2"" type=""Inline"">&lt;function&gt;MAX&lt;/function&gt;</Tag>”.","Translated"
"752","Coolant selection","Keuze van koelvloeistof","Translated"
"753","In order to ensure maximum performance of the traction battery cooling system and limit risks of battery short circuit and other damage to your vehicle, SUBARU recommends using “<Tag pos=""Point"" x=""1"" type=""Inline"">&lt;function&gt;Genuine Traction Battery Coolant&lt;/function&gt;</Tag>” or similar high-quality ethylene glycol-based, low electric conductivity coolant, non-amine and non-borate coolant with azole additives.","Om een optimale werking van het koelsysteem van de tractiebatterij te waarborgen en het risico op kortsluiting van de batterij en andere schade aan uw auto te beperken, adviseert SUBARU het gebruik van “<Tag pos=""Point"" x=""1"" type=""Inline"">&lt;function&gt;Genuine Traction Battery Coolant&lt;/function&gt;</Tag>” of een vergelijkbare hoogwaardige koelvloeistof op ethyleenglycolbasis met een laag elektrisch geleidingsvermogen, koelvloeistof zonder amine en boraat met op azolen gebaseerde additieven.","Translated"
"754","SUBARU cannot guarantee that the use of a product other than “Genuine Traction Battery Coolant” will prevent risks of battery short circuit or other damage.","SUBARU kan niet garanderen dat het gebruik van een ander product dan “Genuine Traction Battery Coolant” «originele koelvloeistof voor tractiebatterij» het risico op kortsluiting van de batterij of andere schade voorkomt.","Translated"
"755","Never use water as it will cause damage.","Gebruik nooit water, want dit veroorzaakt schade.","Translated"
"756","Do not reuse coolant that has been removed from the radiator.","Gebruik koelvloeistof die uit de radiateur is verwijderd, niet opnieuw.","Translated"
"757","For more details about coolant, contact any authorized SUBARU retailer or SUBARU authorized repairer, or any reliable repairer.","Neem voor meer informatie over de koelvloeistof contact op met een erkende SUBARU-dealer, erkende SUBARU-reparateur, of andere betrouwbare reparateur.","Translated"
"758","If the coolant level drops within a short time of replenishing","Als het koelvloeistofniveau kort na het bijvullen afneemt","Translated"
"759","Visually check the hoses, heater coolant reservoir caps, drain cock and water pump.","Controleer de slangen, doppen van het koelvloeistofreservoir voor de verwarming, de aftapkraan en de waterpomp visueel.","Translated"
"760","If you cannot find a leak, have any authorized SUBARU retailer or SUBARU authorized repairer, or any reliable repairer, test the cap and check for leaks in the cooling system.","Als u geen lek kunt vinden, laat u een erkende SUBARU-dealer, erkende SUBARU-reparateur, of andere betrouwbare reparateur de dop testen en het koelsysteem op lekkage controleren.","Translated"
"761","When the EV system is hot","Wanneer het EV-systeem heet is","Translated"
"762","Do not remove the power control unit coolant reservoir caps.","Verwijder de doppen van het koelvloeistofreservoir voor de eenheid voor vermogensregeling niet.","Translated"
"763","The cooling system may be under pressure and may spray hot coolant if the cap is removed, causing serious injuries, such as burns.","Het koelsysteem kan onder druk staan en als de dop wordt verwijderd, kan hete koelvloeistof eruit spuiten, wat kan leiden tot ernstig letsel, zoals brandwonden.","Translated"
"764","When adding coolant","Bij het bijvullen van koelvloeistof","Translated"
"765","Coolant is neither plain water nor straight antifreeze. ","Koelvloeistof is geen gewoon water en geen pure antivries. ","Translated"
"766","The correct mixture of water and antifreeze must be used to provide proper lubrication, corrosion protection and cooling. ","Het juiste mengsel van water en antivries moet worden gebruikt voor een goede smering, corrosiebescherming en koeling. ","Translated"
"767","Be sure to read the antifreeze or coolant label.","Lees het etiket van de antivries of koelvloeistof.","Translated"
"768","If you spill coolant","Als u koelvloeistof knoeit","Translated"
"769","Be sure to wash it off with water to prevent it from damaging parts or paint.","Spoel hem weg met water om te voorkomen dat hij onderdelen of de lak beschadigt.","Translated"
"770","Battery (12-volt battery):","Batterij (12V-batterij):","Translated"
"771","Battery checking","Batterij controleren","Translated"
"772","Battery (12-volt battery)","Batterij (12V-batterij)","Translated"
"773","Checking the 12-volt battery","De 12V-batterij controleren","Translated"
"774","Check the 12-volt battery as follows.","Controleer de 12V-batterij als volgt.","Translated"
"775","12-volt battery exterior","Buitenkant van de 12V-batterij","Translated"
"776","Make sure that the 12-volt battery terminals are not corroded and that there are no loose connections, cracks, or loose clamps.","Controleer of de aansluitingen van de 12V-batterij niet zijn gecorrodeerd en dat er geen sprake is van losse verbindingen, scheuren of losse klemmen.","Translated"
"777","<Tag pos=""Point"" x=""3"" type=""InlineImage"">&lt;symbol href = &quot;../common/step_a.eps&quot; width = &quot;4.177mm&quot; height = &quot;4.176mm&quot; xoffset = &quot;0.000mm&quot; yoffset = &quot;0.000mm&quot;/&gt;</Tag>","<Tag pos=""Point"" x=""3"" type=""InlineImage"">&lt;symbol href = &quot;../common/step_a.eps&quot; width = &quot;4.177mm&quot; height = &quot;4.176mm&quot; xoffset = &quot;0.000mm&quot; yoffset = &quot;0.000mm&quot;/&gt;</Tag>",""
"778","Terminals","Aansluitingen","Translated"
"779","<Tag pos=""Point"" x=""2"" type=""InlineImage"">&lt;symbol href = &quot;../common/step_b.eps&quot; width = &quot;4.177mm&quot; height = &quot;4.176mm&quot; xoffset = &quot;0.000mm&quot; yoffset = &quot;0.000mm&quot;/&gt;</Tag>","<Tag pos=""Point"" x=""2"" type=""InlineImage"">&lt;symbol href = &quot;../common/step_b.eps&quot; width = &quot;4.177mm&quot; height = &quot;4.176mm&quot; xoffset = &quot;0.000mm&quot; yoffset = &quot;0.000mm&quot;/&gt;</Tag>",""
"780","Hold-down clamp","Bevestigingsklem","Translated"
"781","Checking 12-volt battery fluid","De vloeistof van de 12V-batterij controleren","Translated"
"782","Check that the level is between the “<Tag pos=""Point"" x=""1"" type=""Inline"">&lt;function&gt;UPPER LEVEL&lt;/function&gt;</Tag>” and “<Tag pos=""Point"" x=""2"" type=""Inline"">&lt;function&gt;LOWER LEVEL&lt;/function&gt;</Tag>” lines.","Controleer of het niveau ligt tussen de lijnen “<Tag pos=""Point"" x=""1"" type=""Inline"">&lt;function&gt;UPPER LEVEL&lt;/function&gt;</Tag>” en “<Tag pos=""Point"" x=""2"" type=""Inline"">&lt;function&gt;LOWER LEVEL&lt;/function&gt;</Tag>”.","Translated"
"783","<Tag pos=""Point"" x=""3"" type=""InlineImage"">&lt;symbol href = &quot;../common/step_a.eps&quot; width = &quot;4.177mm&quot; height = &quot;4.176mm&quot; xoffset = &quot;0.000mm&quot; yoffset = &quot;0.000mm&quot;/&gt;</Tag>","<Tag pos=""Point"" x=""3"" type=""InlineImage"">&lt;symbol href = &quot;../common/step_a.eps&quot; width = &quot;4.177mm&quot; height = &quot;4.176mm&quot; xoffset = &quot;0.000mm&quot; yoffset = &quot;0.000mm&quot;/&gt;</Tag>",""
"784","“<Tag pos=""Point"" x=""5"" type=""Inline"">&lt;function&gt;UPPER LEVEL&lt;/function&gt;</Tag>” line","Lijn “<Tag pos=""Point"" x=""5"" type=""Inline"">&lt;function&gt;UPPER LEVEL&lt;/function&gt;</Tag>”","Translated"
"785","<Tag pos=""Point"" x=""2"" type=""InlineImage"">&lt;symbol href = &quot;../common/step_b.eps&quot; width = &quot;4.177mm&quot; height = &quot;4.176mm&quot; xoffset = &quot;0.000mm&quot; yoffset = &quot;0.000mm&quot;/&gt;</Tag>","<Tag pos=""Point"" x=""2"" type=""InlineImage"">&lt;symbol href = &quot;../common/step_b.eps&quot; width = &quot;4.177mm&quot; height = &quot;4.176mm&quot; xoffset = &quot;0.000mm&quot; yoffset = &quot;0.000mm&quot;/&gt;</Tag>",""
"786","“<Tag pos=""Point"" x=""4"" type=""Inline"">&lt;function&gt;LOWER LEVEL&lt;/function&gt;</Tag>” line","Lijn “<Tag pos=""Point"" x=""4"" type=""Inline"">&lt;function&gt;LOWER LEVEL&lt;/function&gt;</Tag>”","Translated"
"787","If the fluid level is at or below the “<Tag pos=""Point"" x=""1"" type=""Inline"">&lt;function&gt;LOWER LEVEL&lt;/function&gt;</Tag>” line, add distilled water.","Als de vloeistof niet voorbij de lijn “<Tag pos=""Point"" x=""1"" type=""Inline"">&lt;function&gt;LOWER LEVEL&lt;/function&gt;</Tag>” reikt, vult u gedestilleerd water bij.","Translated"
"788","Adding distilled water","Gedestilleerd water bijvullen","Translated"
"789","Remove the vent plug.","Verwijder de ontluchtingsdop.","Translated"
"790","Add distilled water.","Vul gedestilleerd water bij.","Translated"
"791","If the “<Tag pos=""Point"" x=""1"" type=""Inline"">&lt;function&gt;UPPER LEVEL&lt;/function&gt;</Tag>” cannot be seen, check the fluid level by looking directly at the cell.","Als u “<Tag pos=""Point"" x=""1"" type=""Inline"">&lt;function&gt;UPPER LEVEL&lt;/function&gt;</Tag>” niet ziet, controleert u het vloeistofniveau door direct naar de cel te kijken.","Translated"
"792","Put the vent plug back on and close it securely.","Breng de ontluchtingsdop weer aan en sluit hem goed.","Translated"
"793","Before recharging","Voordat u gaat opladen","Translated"
"794","When recharging, the 12-volt battery produces hydrogen gas which is flammable and explosive. ","Tijdens het opladen van de 12V-batterij komt waterstofgas vrij, dat brandbaar en explosief is. ","Translated"
"795","Therefore, observe the following precautions before recharging:","Neem daarom de volgende voorzorgsmaatregelen in acht voordat u gaat opladen:","Translated"
"796","If recharging with the 12-volt battery installed on the vehicle, be sure to disconnect the ground cable.","Als u de 12V-batterij oplaadt terwijl deze in de auto is aangebracht, moet u de massakabel loskoppelen.","Translated"
"797","Make sure the power switch on the charger is off when connecting and disconnecting the charger cables to the 12-volt battery.","Zorg dat de aan/uit-schakelaar van de oplader is uitgeschakeld wanneer u de kabels van de oplader aansluit op of loskoppelt van de 12V-batterij.","Translated"
"798","After recharging/reconnecting the 12-volt battery","Na het opladen/weer aansluiten van de 12V-batterij","Translated"
"799","The EV system may not start. ","Het EV-systeem start mogelijk niet. ","Translated"
"800","Follow the procedure below to initialize the system.","Volg de onderstaande procedure om het systeem te initialiseren.","Translated"
"801","Shift the shift position to P.","Schakel versnellingsstand P in.","Translated"
"802","Open and close any of the doors.","Open en sluit een van de portieren.","Translated"
"803","Restart the EV system.","Start het EV-systeem opnieuw.","Translated"
"804","Unlocking the doors using the smart entry &amp; start system may not be possible immediately after reconnecting the 12-volt battery. ","Onmiddellijk na het opnieuw aansluiten van de 12V-batterij kunnen de portieren mogelijk niet ontgrendeld worden met Smart Entry met startsysteem. ","Translated"
"805","If this happens, use the wireless remote control or the mechanical key to lock/unlock the doors.","Gebruik als dit gebeurt de draadloze afstandsbediening of de mechanische sleutel om de portieren te ontgrendelen.","Translated"
"806","Start the EV system with the power switch in ACC<Tag pos=""Begin"" i=""2"" x=""2"" type=""Inline"">&lt;sup&gt;</Tag>*<Tag pos=""End"" i=""2"" type=""Inline"">&lt;/sup&gt;</Tag>. ","Start het EV-systeem met de contactschakelaar op ACC<Tag pos=""Begin"" i=""1"" x=""2"" type=""Inline"">&lt;sup&gt;</Tag>*<Tag pos=""End"" i=""1"" type=""Inline"">&lt;/sup&gt;</Tag>. ","Translated"
"807","The EV system may not start with the power switch turned off. ","Het EV-systeem start mogelijk niet als de contactschakelaar is uitgeschakeld. ","Translated"
"808","However, the EV system will operate normally from the second attempt.","Vanaf de tweede keer starten werkt het EV-systeem echter weer normaal.","Translated"
"809","The power switch mode is recorded by the vehicle. ","De contactschakelaarmodus wordt geregistreerd door de auto. ","Translated"
"810","If the 12-volt battery is disconnected and reconnected, the vehicle will return the power switch mode to the status it was in before the 12-volt battery was disconnected. ","Als de 12V-batterij wordt losgekoppeld en weer aangesloten, zet de auto de contactschakelaarmodus weer in de status die deze had toen de 12V-batterij werd losgekoppeld. ","Translated"
"811","Make sure to turn off the power switch before disconnecting the 12-volt battery. ","Schakel de contactschakelaar uit voordat u de 12V-batterij loskoppelt. ","Translated"
"812","Take extra care when connecting the 12-volt battery if the power switch mode prior to the 12-volt battery being disconnected is unknown.","Wees extra voorzichtig bij het aansluiten van de 12V-batterij als onbekend is wat de contactschakelaarmodus was op het moment de 12V-batterij werd losgekoppeld.","Translated"
"813","If the EV system will not start even after multiple attempts at all the methods above, contact any authorized SUBARU retailer or SUBARU authorized repairer, or any reliable repairer.","Als het EV-systeem niet kan worden gestart na meerdere pogingen van alle bovenstaande methodes, neemt u contact op met een erkende SUBARU-dealer, erkende SUBARU-reparateur, of andere betrouwbare reparateur.","Translated"
"814","ACC mode can be enabled/disabled on the customize menu. ","De ACC-modus kan worden ingeschakeld/uitgeschakeld in het aanpassingsmenu. ","Translated"
"815","(<NU x=""1"" g=""2"">&amp;rarr;</NU><Tag pos=""Point"" x=""2"" type=""InlineVariable"" g=""3"">&lt;xref type = &quot;P.page&quot; srcfile = &quot;A6790GEtoeuenvhch09.xml#ch09se0204010503&quot;/&gt;</Tag>)","(<NU x=""1"" g=""2"">&amp;rarr;</NU><Tag pos=""Point"" x=""2"" type=""InlineVariable"" g=""3"">&lt;xref type = &quot;P.page&quot; srcfile = &quot;A6790GEtoeuenvhch09.xml#ch09se0204010503&quot;/&gt;</Tag>)",""
"816","Chemicals in the 12-volt battery","Chemicaliën in de 12V-batterij","Translated"
"817","Batteries contain poisonous and corrosive sulfuric acid and may produce hydrogen gas which is flammable and explosive. ","Batterijen bevatten giftig en corroderend zwavelzuur en kunnen waterstofgas produceren, dat brandbaar en explosief is. ","Translated"
"818","To reduce the risk of death or serious injury, take the following precautions while working on or near the 12-volt battery:","Om het risico op ernstig of dodelijk letsel te voorkomen, moet u de volgende voorzorgsmaatregelen nemen bij het werken aan of in de buurt van de 12V-batterij:","Translated"
"819","Do not cause sparks by touching the 12-volt battery terminals with tools.","Maak geen vonken door de aansluitingen van de 12V-batterij aan te raken met gereedschap.","Translated"
"820","Do not smoke or light a match near the 12-volt battery.","Rook niet en steek geen lucifer aan in de buurt van de 12V-batterij.","Translated"
"821","Avoid contact with eyes, skin and clothes.","Vermijd contact met ogen, huid en kleding.","Translated"
"822","Never inhale or swallow electrolyte.","Inhaleer nooit elektrolyt en slik het nooit door.","Translated"
"823","Wear protective safety glasses when working near the 12-volt battery.","Draag een veiligheidsbril bij het werken in de buurt van de 12V-batterij.","Translated"
"824","Keep children away from the 12-volt battery.","Houd de 12V-batterij buiten het bereik van kinderen.","Translated"
"825","Where to safely charge the 12-volt battery","Waar de 12V-batterij veilig kan worden geladen","Translated"
"826","Always charge the 12-volt battery in an open area. ","Laad de 12V-batterij altijd in een open ruimte. ","Translated"
"827","Do not charge the 12-volt battery in a garage or closed room where there is insufficient ventilation.","Laad de 12V-batterij niet in een garage of gesloten ruimte met onvoldoende ventilatie.","Translated"
"828","Emergency measures regarding electrolyte","Noodmaatregelen met betrekking tot elektrolyt","Translated"
"829","If electrolyte gets in your eyes","Als u elektrolyt in uw ogen krijgt","Translated"
"830","Flush your eyes with clean water for at least 15 minutes and get immediate medical attention. ","Spoel uw ogen minimaal 15 minuten lang met schoon water en roep onmiddellijk medische hulp in. ","Translated"
"831","If possible, continue to apply water with a sponge or cloth while traveling to the nearest medical facility.","Blijf indien mogelijk met een spons of doek water aanbrengen terwijl u zich naar de dichtstbijzijnde medische faciliteit begeeft.","Translated"
"832","If electrolyte gets on your skin","Als u elektrolyt op uw huid krijgt","Translated"
"833","Wash the affected area thoroughly. ","Spoel de betreffende plek grondig af. ","Translated"
"834","If you feel pain or burning, get medical attention immediately.","Roep onmiddellijk medische hulp in als u een pijnlijk of brandend gevoel hebt.","Translated"
"835","If electrolyte gets on your clothes","Als u elektrolyt op uw kleding krijgt","Translated"
"836","It can soak through clothing on to your skin. ","Het kan door uw kleding trekken en op uw huid terechtkomen. ","Translated"
"837","Immediately take off the clothing and follow the procedure above if necessary.","Trek de betreffende kleding onmiddellijk uit en volg indien nodig de bovenstaande procedure.","Translated"
"838","If you accidentally swallow electrolyte","Als u per ongeluk elektrolyt inslikt","Translated"
"839","Drink a large quantity of water or milk. ","Drink een grote hoeveelheid water of melk. ","Translated"
"840","Get emergency medical attention immediately.","Roep onmiddellijk medische hulp in.","Translated"
"841","When there is insufficient 12-volt battery fluid","Wanneer er onvoldoende vloeistof in de 12V-batterij zit","Translated"
"842","Do not use if there is insufficient fluid in the 12-volt battery. ","Gebruik de 12V-batterij niet als er onvoldoende vloeistof in zit. ","Translated"
"843","There is a possible danger that the 12-volt battery may explode.","Het gevaar bestaat dat de 12V-batterij explodeert.","Translated"
"844","When recharging the 12-volt battery","Bij het laden van de 12V-batterij","Translated"
"845","Never recharge the 12-volt battery while the EV system is operating. ","Laad de 12V-batterij nooit terwijl het EV-systeem actief is. ","Translated"
"846","Also, be sure all accessories are turned off.","Zorg ook dat alle accessoires zijn uitgeschakeld.","Translated"
"847","When adding distilled water","Bij het bijvullen van gedestilleerd water","Translated"
"848","Avoid overfilling. ","Vul niet te veel bij. ","Translated"
"849","Water spilled during 12-volt battery recharging may cause corrosion.","Water dat wordt gemorst tijdens het laden van de 12V-batterij kan tot corrosie leiden.","Translated"
"850","Fluid:","Vloeistof:","Translated"
"851","Washer","Washer",""
"852","Washer:","Ruitensproeier:","Translated"
"853","Low washer fluid warning message","Waarschuwingsmelding voor laag ruitensproeiervloeistofniveau","Translated"
"854","Adding the washer fluid","Ruitensproeiervloeistof bijvullen","Translated"
"855","If the warning message appears on the multi-information display, the washer tank may be empty.","Als de waarschuwingsmelding op het multi-informatiedisplay wordt weergegeven, is het ruitensproeierreservoir mogelijk leeg.","Translated"
"856","Add washer fluid.","Vul ruitensproeiervloeistof bij.","Translated"
"857","When adding washer fluid","Bij het bijvullen van ruitensproeiervloeistof","Translated"
"858","Do not add washer fluid when the EV system is hot or operating as washer fluid contains alcohol and may catch fire if spilled on the motor, etc.","Vul geen ruitensproeiervloeistof bij wanneer het EV-systeem heet of actief is, aangezien ruitensproeiervloeistof alcohol bevat en vlam kan vatten als het op de motor e.d. terechtkomt.","Translated"
"859","Do not use any fluid other than washer fluid","Gebruik geen andere vloeistof dan ruitensproeiervloeistof","Translated"
"860","Do not use soapy water or antifreeze instead of washer fluid.","Gebruik geen zeepsop of antivries in plaats van ruitensproeiervloeistof.","Translated"
"861","Doing so may cause streaking on the vehicle’s painted surfaces, as well as damaging the pump leading to problems of the washer fluid not spraying.","Als u dit doet, kan dit leiden tot strepen op de gelakte oppervlakken van de auto, en tot schade aan de pomp, wat ertoe kan leiden dat geen vloeistof kan worden gespoten.","Translated"
"862","Diluting washer fluid","Ruitensproeiervloeistof verdunnen","Translated"
"863","Dilute washer fluid with water as necessary.","Verdun ruitensproeiervloeistof naar behoefte met water.","Translated"
"864","Refer to the freezing temperatures listed on the label of the washer fluid bottle.","Raadpleeg de bevriezingstemperaturen op het etiket van de fles ruitensproeiervloeistof.","Translated"
"865","Tires","Banden","Translated"
"866","Tires","Banden","Translated"
"867","Replace or rotate tires in accordance with maintenance schedules and treadwear.","Vervang of verwissel banden volgens de onderhoudsschema’s en op basis van de slijtage van het loopvlak.","Translated"
"868","Tires:","Banden:","Translated"
"869","Checking","Controleren","Translated"
"870","Checking tires","Banden controleren","Translated"
"871","Check if the treadwear indicators are showing on the tires. ","Controleer of de slijtage-indicatoren van het loopvlak zichtbaar zijn op de banden. ","Translated"
"872","Also check the tires for uneven wear, such as excessive wear on one side of the tread.","Controleer de banden ook op ongelijkmatige slijtage, zoals overmatige slijtage aan één kant van het loopvlak.","Translated"
"873","<Tag pos=""Point"" x=""3"" type=""InlineImage"">&lt;symbol href = &quot;../common/step_a.eps&quot; width = &quot;4.177mm&quot; height = &quot;4.176mm&quot; xoffset = &quot;0.000mm&quot; yoffset = &quot;0.000mm&quot;/&gt;</Tag>","<Tag pos=""Point"" x=""3"" type=""InlineImage"">&lt;symbol href = &quot;../common/step_a.eps&quot; width = &quot;4.177mm&quot; height = &quot;4.176mm&quot; xoffset = &quot;0.000mm&quot; yoffset = &quot;0.000mm&quot;/&gt;</Tag>",""
"874","New tread","Nieuw loopvlak","Translated"
"875","<Tag pos=""Point"" x=""2"" type=""InlineImage"">&lt;symbol href = &quot;../common/step_b.eps&quot; width = &quot;4.177mm&quot; height = &quot;4.176mm&quot; xoffset = &quot;0.000mm&quot; yoffset = &quot;0.000mm&quot;/&gt;</Tag>","<Tag pos=""Point"" x=""2"" type=""InlineImage"">&lt;symbol href = &quot;../common/step_b.eps&quot; width = &quot;4.177mm&quot; height = &quot;4.176mm&quot; xoffset = &quot;0.000mm&quot; yoffset = &quot;0.000mm&quot;/&gt;</Tag>",""
"876","Worn tread","Versleten loopvlak","Translated"
"877","<Tag pos=""Point"" x=""2"" type=""InlineImage"">&lt;symbol href = &quot;../common/step_c.eps&quot; width = &quot;4.177mm&quot; height = &quot;4.176mm&quot; xoffset = &quot;0.000mm&quot; yoffset = &quot;0.000mm&quot;/&gt;</Tag>","<Tag pos=""Point"" x=""2"" type=""InlineImage"">&lt;symbol href = &quot;../common/step_c.eps&quot; width = &quot;4.177mm&quot; height = &quot;4.176mm&quot; xoffset = &quot;0.000mm&quot; yoffset = &quot;0.000mm&quot;/&gt;</Tag>",""
"878","Treadwear indicator","Slijtage-indicator van het loopvlak","Translated"
"879","The location of treadwear indicators is shown by a “<Tag pos=""Point"" x=""1"" type=""Inline"">&lt;function&gt;TWI&lt;/function&gt;</Tag>” or “<Tag pos=""Point"" x=""2"" type=""InlineImage"">&lt;symbol href = &quot;../image/zziv9911013a.eps&quot; width = &quot;5.000mm&quot; height = &quot;5.000mm&quot; xoffset = &quot;0.000mm&quot; yoffset = &quot;0.000mm&quot;/&gt;</Tag>” mark, etc., molded into the sidewall of each tire.","De locatie van de slijtage-indicatoren wordt weergegeven met de markering “<Tag pos=""Point"" x=""1"" type=""Inline"">&lt;function&gt;TWI&lt;/function&gt;</Tag>”, “<Tag pos=""Point"" x=""2"" type=""InlineImage"">&lt;symbol href = &quot;../image/zziv9911013a.eps&quot; width = &quot;5.000mm&quot; height = &quot;5.000mm&quot; xoffset = &quot;0.000mm&quot; yoffset = &quot;0.000mm&quot;/&gt;</Tag>”, enz., die in de wang van elke band is gegoten.","Translated"
"880","Replace the tires if the treadwear indicators are showing on a tire.","Vervang de banden als de slijtage-indicatoren van het loopvlak zichtbaar zijn op een band.","Translated"
"881","When to replace your vehicle’s tires","Wanneer u de banden uw auto moet vervangen","Translated"
"882","Tires should be replaced if:","Banden moeten worden vervangen als:","Translated"
"883","The treadwear indicators are showing on a tire.","De slijtage-indicatoren van het loopvlak zichtbaar zijn op een band.","Translated"
"884","You have tire damage such as cuts, splits, cracks deep enough to expose the fabric, and bulges indicating internal damage","Er sprake is van schade aan de band, zoals sneeën, spleten, scheuren die zo diep zijn dat de stof zichtbaar is, en blazen die wijzen op inwendige schade","Translated"
"885","A tire goes flat repeatedly or cannot be properly repaired due to the size or location of a cut or other damage","Een band herhaaldelijk leeg loopt of niet goed kan worden gerepareerd vanwege het formaat of de locatie van een snee of andere beschadiging","Translated"
"886","If you are not sure, consult any authorized SUBARU retailer or SUBARU authorized repairer, or any reliable repairer.","Neem bij twijfel contact op met een erkende SUBARU-dealer, erkende SUBARU-reparateur, of andere betrouwbare reparateur.","Translated"
"887","Tire life","Levensduur van banden","Translated"
"888","Any tire over 6 years old must be checked by a qualified technician even if it has seldom or never been used or damage is not obvious.","Elke band ouder dan 6 jaar moet worden gecontroleerd door een gekwalificeerde monteur, ook als hij zelden of nooit is gebruikt en er geen zichtbare schade is.","Translated"
"889","If the tread on snow tires wears down below 4 mm (0.16 in.)","Als het profiel van winterbanden afslijt tot minder dan 4 mm","Translated"
"890","The effectiveness of the tires as snow tires is lost.","De banden kunnen niet meer effectief als winterbanden functioneren.","Translated"
"891","When inspecting or replacing tires","Bij het inspecteren van banden en wielen of vervangen van wielen","Translated"
"892","Observe the following precautions to prevent accidents. ","Neem het volgende in acht om ongevallen te voorkomen. ","Translated"
"893","Failure to do so may cause damage to parts of the drivetrain as well as dangerous handling characteristics, which may lead to an accident resulting in death or serious injury.","Als u dit niet doet, kan dit leiden tot schade aan onderdelen van de aandrijflijn en gevaarlijke rijeigenschappen, wat mogelijk resulteert in een ongeval met ernstig of dodelijk letsel tot gevolg.","Translated"
"894","Do not mix tires of different makes, models or tread patterns. ","Combineer geen banden van verschillende merken, modellen of met verschillende profielen. ","Translated"
"895","Also, do not mix tires of remarkably different treadwear.","Combineer ook geen banden met aanzienlijk andere slijtage van het loopvlak.","Translated"
"896","Do not use tire sizes other than those recommended by SUBARU.","Gebruik alleen banden met de maten die worden aanbevolen door SUBARU.","Translated"
"897","Do not mix differently constructed tires (radial, bias-belted or bias-ply tires).","Combineer geen banden met een andere constructie (radiaal-, diagonaalgordel- of diagonaalbanden).","Translated"
"898","Do not mix summer, all season and snow tires.","Combineer geen zomer-, vierseizoens- en winterbanden.","Translated"
"899","Do not use tires that have been used on another vehicle. ","Gebruik geen banden die zijn gebruikt op een andere auto. ","Translated"
"900","Do not use tires if you do not know how they were used previously.","Gebruik geen banden waarvan u niet weet hoe ze eerder zijn gebruikt.","Translated"
"901","Do not tow anything if a tire that has been repaired using the emergency tire puncture repair kit is installed. ","Trek niets als een van de aangebrachte banden is gerepareerd met de noodreparatieset voor een lekke band. ","Translated"
"902","The load on the tire may cause unexpected damage to the tire.","De belasting kan tot onverwachte schade aan de band leiden.","Translated"
"903","Driving on rough roads","Rijden op slecht wegdek","Translated"
"904","Take particular care when driving on roads with loose surfaces or potholes. ","Wees extra voorzichtig bij het rijden op wegen met een losse toplaag of putten. ","Translated"
"905","These conditions may cause losses in tire inflation pressure, reducing the cushioning ability of the tires. ","Deze omstandigheden kunnen leiden tot een lagere bandenspanning, wat het dempingsvermogen van de banden verkleint. ","Translated"
"906","In addition, driving on rough roads may cause damage to the tires themselves, as well as the vehicle’s wheels and body.","Daarnaast kan het rijden op slecht wegdek leiden tot schade aan de banden zelf, en aan de wielen en carrosserie van de auto.","Translated"
"907","If tire inflation pressure of each tire becomes low while driving","Als de bandenspanning van elke band tijdens het rijden laag wordt","Translated"
"908","Do not continue driving, or your tires and/or wheels may be ruined.","Rij niet verder, anders kunt u uw banden en/of wielen vernielen.","Translated"
"909","Tires:","Banden:","Translated"
"910","Rotating tires","Wielen omwisselen","Translated"
"911","Tire rotation","Wielen omwisselen","Translated"
"912","Rotate the tires in the order shown.","Wissel de wielen om in de weergegeven volgorde.","Translated"
"913","<Tag pos=""Point"" x=""3"" type=""InlineImage"">&lt;symbol href = &quot;../common/step_a.eps&quot; width = &quot;4.177mm&quot; height = &quot;4.176mm&quot; xoffset = &quot;0.000mm&quot; yoffset = &quot;0.000mm&quot;/&gt;</Tag>","<Tag pos=""Point"" x=""3"" type=""InlineImage"">&lt;symbol href = &quot;../common/step_a.eps&quot; width = &quot;4.177mm&quot; height = &quot;4.176mm&quot; xoffset = &quot;0.000mm&quot; yoffset = &quot;0.000mm&quot;/&gt;</Tag>",""
"914","Front","Vóór","Translated"
"915","To equalize tire wear and help extend tire life, SUBARU recommends that tire rotation is carried out approximately every 10000 km (6000 miles).","Voor een gelijkmatige slijtage en langere levensduur van de banden adviseert SUBARU de wielen na elke ongeveer 10000 km om te wisselen.","Translated"
"916","When rotating the tires","Wanneer u de wielen omwisselt","Translated"
"917","Make sure that the power switch is OFF. ","Controleer of het contact UIT staat. ","Translated"
"918","If the tires are rotated while the power switch is in ON, the tire position information will not be updated. ","Als de wielen worden omgewisseld terwijl het contact AAN staat, wordt de informatie over de positie van de banden niet bijgewerkt. ","Translated"
"919","If this accidentally occurs, either turn the power switch to OFF and then to ON, or initialize the tire pressure warning system after checking that the tire pressure is properly adjusted.","Als dit per ongeluk gebeurt, zet u het contact op UIT en weer op AAN, of initialiseert u het waarschuwingssysteem voor de bandenspanning nadat u hebt gecontroleerd of de bandenspanning juist is aangepast.","Translated"
"920","Flat tire:","Lekke band:","Translated"
"921","Tire pressure warning system","Waarschuwingssysteem bandenspanning","Translated"
"922","Multi-information display:","Multi-informatiedisplay:","Translated"
"923","Tire pressure","Bandenspanning","Translated"
"924","Tire inflation pressure:","Bandenspanning:","Translated"
"925","Tire inflation pressure display function","Weergavefunctie voor bandenspanning","Translated"
"926","Tire pressure warning system:","Waarschuwingssysteem bandenspanning:","Translated"
"927","Function","Functie","Translated"
"928","Tire pressure warning system","Waarschuwingssysteem bandenspanning","Translated"
"929","Tires:","Banden:","Translated"
"930","Tire inflation pressure display function","Weergavefunctie voor bandenspanning","Translated"
"931","Tires:","Banden:","Translated"
"932","Tire pressure warning system","Waarschuwingssysteem bandenspanning","Translated"
"933","Tire pressure warning system","Waarschuwingssysteem bandenspanning","Translated"
"934","Your vehicle is equipped with a tire pressure warning system that uses tire pressure warning valves and transmitters to detect low tire inflation pressure before serious problems arise.","Uw auto is voorzien van een waarschuwingssysteem voor de bandenspanning dat gebruikmaakt van ventielen en zenders om een lage bandenspanning te detecteren voordat zich ernstige problemen voordoen.","Translated"
"935","The tire pressure warning system of this vehicle adopts a 4-type warning system. ","Het waarschuwingssysteem voor de bandenspanning van deze auto is een systeem dat werkt met 4 typen waarschuwingen. ","Translated"
"936","(<NU x=""1"">&amp;rarr;</NU>P.###)","(<NU x=""1"">&amp;rarr;</NU>P.###)",""
"937","When “<Tag pos=""Point"" x=""3"" type=""Inline"">&lt;function&gt;Adjust Pressure&lt;/function&gt;</Tag>” is displayed on the multi-information display (Normal Warning)","When “<Tag pos=""Point"" x=""3"" type=""Inline"">&lt;function&gt;Adjust Pressure&lt;/function&gt;</Tag>” is displayed on the multi-information display (Normal Warning)",""
"938","A warning with the tire pressure warning light and warning buzzer when there is an unknown level of low tire pressure with the appearance of the tire due to natural air leakage as well as the pressure lowering due to changes in the pressure according to the outside temperature.","Een waarschuwing via het waarschuwingslampje voor de bandenspanning en de waarschuwingszoemer wanneer er een onbekende lage bandenspanning is, waarbij het erop lijkt dat dit wordt veroorzaakt door natuurlijke luchtlekkage of een afname van de druk in de band vanwege een verandering in de buitentemperatuur.","Translated"
"939","When “<Tag pos=""Point"" x=""2"" type=""Inline"">&lt;function&gt;Tire Pressure Very Low Drive Cautiously&lt;/function&gt;</Tag>” is displayed (Emergency Warning)","Wanneer “<Tag pos=""Point"" x=""2"" type=""Inline"">&lt;function&gt;Tire Pressure Very Low Drive Cautiously&lt;/function&gt;</Tag>” wordt weergegeven (noodwaarschuwing)",""
"940","This message is displayed when the tire pressure has significantly dropped, and any further drop may cause a tire burst.","This message is displayed when the tire pressure has significantly dropped, and any further drop may cause a tire burst.",""
"941","When “<Tag pos=""Point"" x=""2"" type=""Inline"">&lt;function&gt;Immediately Check tire when Safe&lt;/function&gt;</Tag>” is displayed on the multi-information display (Emergency Warning)","When “<Tag pos=""Point"" x=""2"" type=""Inline"">&lt;function&gt;Immediately Check tire when Safe&lt;/function&gt;</Tag>” is displayed on the multi-information display (Emergency Warning)",""
"942","A warning with the tire pressure warning light and warning buzzer when there is a known level of low tire pressure with the appearance of the tire due to pressure suddenly lowering.","Een waarschuwing via het waarschuwingslampje voor de bandenspanning en de waarschuwingszoemer wanneer er een onbekende lage bandenspanning is, waarbij het erop lijkt dat de bandenspanning plotseling afneemt.","Translated"
"943","However, the system may not be able to detect sudden tire ruptures (bursting, etc.).","Het systeem is echter mogelijk niet in staat plotseling integriteitsverlies van een band te detecteren (een klapband, e.d.).","Translated"
"944","When “<Tag pos=""Point"" x=""2"" type=""Inline"">&lt;function&gt;Tire Air Leaking Visit Nearest Dealer&lt;/function&gt;</Tag>” is displayed (Normal Warning)","Wanneer “<Tag pos=""Point"" x=""2"" type=""Inline"">&lt;function&gt;Tire Air Leaking Visit Nearest Dealer&lt;/function&gt;</Tag>” wordt weergegeven (normale waarschuwing)",""
"945","This message is displayed when a slow puncture may be occurring in a tire.","This message is displayed when a slow puncture may be occurring in a tire.",""
"946","Routine tire inflation pressure checks","Routinecontrole van de bandenspanning","Translated"
"947","The tire pressure warning system does not replace routine tire inflation pressure checks. ","Het waarschuwingssysteem voor de bandenspanning is geen vervanging van routinecontroles van de bandenspanning. ","Translated"
"948","Make sure to check tire inflation pressure as part of your routine of daily vehicle checks.","Neem het controleren van de bandenspanning op in uw dagelijkse routinecontroles van de auto.","Translated"
"949","Tire inflation pressure","Bandenspanning","Translated"
"950","It may take a few minutes to display the tire inflation pressure after the power switch is turned to ON. ","Het kan enkele minuten duren tot de bandenspanning wordt weergegeven nadat het contact op AAN is gezet. ","Translated"
"951","It may also take a few minutes to display the tire inflation pressure after inflation pressure has been adjusted.","Het kan ook enkele minuten duren om de bandenspanning weer te geven nadat de bandenspanning is aangepast.","Translated"
"952","Tire inflation pressure changes with temperature. ","De bandenspanning verandert met de temperatuur. ","Translated"
"953","The displayed values may also be different from the values measured using a tire pressure gauge.","De weergegeven waarden kunnen ook afwijken van de waarden die u met een manometer meet.","Translated"
"954","Situations in which the tire pressure warning system may not operate properly","Situaties waarin het waarschuwingssysteem voor de bandenspanning mogelijk niet naar behoren werkt","Translated"
"955","In the following cases, the tire pressure warning system may not operate properly.","In de volgende gevallen werkt het waarschuwingssysteem voor de bandenspanning mogelijk niet naar behoren.","Translated"
"956","If non-genuine SUBARU wheels are used.","Als geen originele SUBARU-wielen worden gebruikt.","Translated"
"957","A tire has been replaced with a tire that is not an OE (Original Equipment) tire.","Als een band is vervangen door een band die geen oorspronkelijke uitrusting is.","Translated"
"958","A tire has been replaced with a tire that is not of the specified size.","Als een band is vervangen door een band die niet de gespecificeerde maat heeft.","Translated"
"959","Tire chains, etc. are equipped.","Tire chains, etc. are equipped.",""
"960","If a window tint that affects the radio wave signals is installed.","Als er getinte folie op een ruit is aangebracht, die radiogolven belemmert.","Translated"
"961","If there is a lot of snow or ice on the vehicle, particularly around the wheels or wheel housings.","Als er veel sneeuw of ijs op de auto ligt, vooral rond de wielen of wielkasten.","Translated"
"962","If the tire inflation pressure is extremely higher than the specified level.","Als de bandenspanning veel hoger is dan de gespecificeerde waarde.","Translated"
"963","If tires not equipped with tire pressure warning valves and transmitters are used.","If tires not equipped with tire pressure warning valves and transmitters are used.",""
"964","If the ID code on the tire pressure warning valves and transmitters is not registered in the tire pressure warning computer.","Als de id-codes op de ventielen en zenders voor waarschuwing voor de bandenspanning niet zijn geregistreerd in de computer van de waarschuwing voor de bandenspanning.","Translated"
"965","Performance may be affected in the following situations.","De prestaties kunnen afnemen in de volgende situaties.","Translated"
"966","Near a TV tower, electric power plant, gas station, radio station, large display, airport or other facility that generates strong radio waves or electrical noise","In de buurt staat van een tv-mast, elektriciteitscentrale, radiostation, groot display, luchthaven of andere faciliteit die sterke radiogolven of elektrische ruis genereert","Translated"
"967","When carrying a portable radio, cellular phone, cordless phone or other wireless communication device","Bij het dragen van een draagbare radio, mobiele telefoon, draadloze telefoon of ander draadloos communicatieapparaat","Translated"
"968","If tire position information is not correctly displayed due to the radio wave conditions, the display may be corrected by changing the location of the vehicle as the radio wave conditions may change.","If tire position information is not correctly displayed due to the radio wave conditions, the display may be corrected by changing the location of the vehicle as the radio wave conditions may change.",""
"969","When the vehicle is parked, the time taken for the warning to start or go off could be extended.","Wanneer de auto is geparkeerd, kan de waarschuwing meer tijd nodig hebben om te starten of uit te schakelen.","Translated"
"970","When tire inflation pressure declines rapidly for example when a tire has burst, the warning may not operate.","When tire inflation pressure declines rapidly for example when a tire has burst, the warning may not operate.",""
"971","Tire pressure warning system:","Waarschuwingssysteem bandenspanning:","Translated"
"972","Installing tire pressure warning valves and transmitters","Ventielen en zenders voor waarschuwing voor de bandenspanning aanbrengen","Translated"
"973","Installing tire pressure warning valves and transmitters","Ventielen en zenders voor waarschuwing voor de bandenspanning aanbrengen","Translated"
"974","When replacing tires or wheels, tire pressure warning valves and transmitters must also be installed.","Als u banden of wielen vervangt, moet u ook ventielen en zenders voor waarschuwing voor de bandenspanning aanbrengen.","Translated"
"975","When new tire pressure warning valves and transmitters are installed, new ID codes must be registered in the tire pressure warning computer. ","Wanneer nieuwe ventielen en zenders voor waarschuwing voor de bandenspanning worden aangebracht, moet u nieuwe id-codes registreren in de computer van de waarschuwing voor de bandenspanning. ","Translated"
"976","(<NU x=""1"">&amp;rarr;</NU>P.###)","(<NU x=""1"">&amp;rarr;</NU>P.###)",""
"977","Replacing the tires and wheels","Replacing the tires and wheels",""
"978","If the ID code of the tire pressure warning valve and transmitter is not registered, the tire pressure warning system will not work properly. ","Als de id-code van het ventiel en de zender voor waarschuwing voor de bandenspanning niet wordt geregistreerd, werkt het waarschuwingssysteem voor de bandenspanning niet naar behoren. ","Translated"
"979","After driving for about 20 minutes, the tire pressure warning light blinks for 1 minute and stays on to indicate a system malfunction.","Na ongeveer <SegHiB type=""4"" attr=""0"" i=""0""/>20 <SegHiE i=""0""/>minuten rijden knippert het waarschuwingslampje voor de bandenspanning gedurende 1 minuut en daarna blijft het branden om te wijzen op een storing in het systeem.",""
"980","Repairing or replacing tires, wheels, tire pressure warning valves, transmitters and tire valve caps","Repareren of vervangen van banden, wielen, ventielen en zenders voor waarschuwing voor de bandenspanning, en ventieldoppen","Translated"
"981","When removing or fitting the wheels, tires or the tire pressure warning valves and transmitters, contact any authorized SUBARU retailer or SUBARU authorized repairer, or any reliable repairer as the tire pressure warning valves and transmitters may be damaged if not handled correctly.","Neem bij het verwijderen en aanbrengen van wielen, banden of ventielen en zenders voor waarschuwing voor de bandenspanning contact op met een erkende SUBARU-dealer, erkende SUBARU-reparateur, of andere betrouwbare reparateur, aangezien de ventielen en zenders voor waarschuwing voor de bandenspanning beschadigd kunnen raken als er niet goed mee wordt omgegaan.","Translated"
"982","Make sure to install the tire valve caps. ","Breng de ventieldoppen aan. ","Translated"
"983","If the tire valve caps are not installed, water could enter the tire pressure warning valves and the tire pressure warning valves could be bound.","Als de ventieldoppen niet zijn aangebracht, kan water in de ventielen voor waarschuwing voor de bandenspanning terechtkomen, waardoor deze ventielen kunnen komen vast te zitten.","Translated"
"984","When replacing tire valve caps, do not use tire valve caps other than those specified. ","Bij het vervangen van ventieldoppen mag u alleen de gespecificeerde ventieldoppen gebruiken. ","Translated"
"985","The cap may become stuck.","De dop kan vast komen te zitten.","Translated"
"986","To avoid damage to the tire pressure warning valves and transmitters","Om schade aan de ventielen en zenders voor waarschuwing voor de bandenspanning te voorkomen","Translated"
"987","When a tire is repaired with liquid sealants, the tire pressure warning valve and transmitter may not operate properly. ","Wanneer een band wordt gerepareerd met vloeibaar afdichtmiddel, werken het ventiel en de zender voor waarschuwing voor de bandenspanning mogelijk niet naar behoren. ","Translated"
"988","If a liquid sealant is used, contact any authorized SUBARU retailer or SUBARU authorized repairer, or any reliable repairer or other qualified service shop as soon as possible. ","Neem na gebruik van een vloeibaar afdichtmiddel zo spoedig mogelijk contact op met een erkende SUBARU-dealer, erkende SUBARU-reparateur, of andere gekwalificeerde werkplaats. ","Translated"
"989","After use of liquid sealant, make sure to replace the tire pressure warning valve and transmitter when repairing or replacing the tire.","Vervang na gebruik van een vloeibaar afdichtmiddel het ventiel en de zender voor waarschuwing voor de bandenspanning wanneer u de band repareert of vervangt.","Translated"
"990","Tire pressure warning system:","Waarschuwingssysteem bandenspanning:","Translated"
"991","Registering the position of each wheel","De positie van elk wiel registreren","Translated"
"992","Registering the position of each wheel","De positie van elk wiel registreren","Translated"
"993","When to register the position of each wheel","Wanneer de positie van elk wiel moet worden geregistreerd","Translated"
"994","It is necessary to register the position of each wheel after performing a tire rotation.","Na het omwisselen van de wielen moet de positie van elk wiel worden geregistreerd.","Translated"
"995","Wheel position registration can be performed by oneself. ","De registratie van de positie van de wielen kunt u zelf doen. ","Translated"
"996","Wheel position registration is performed by driving forward with moderate left and right turns. ","De registratie van de positie van de wielen gebeurt door vooruit te rijden met matige bochten naar links en rechts. ","Translated"
"997","However, depending on the driving conditions and driving environment, registration may take some time to complete.","Afhankelijk van de rijomstandigheden en rijomgeving kan het echter enige tijd duren om de registratie te voltooien.","Translated"
"998","Registering the position of each wheel","De positie van elk wiel registreren","Translated"
"999","Park the vehicle in a safe place, turn the power switch off and wait 15 minutes or more.","Parkeer de auto op een veilige plaats, schakel het contact uit en wacht minimaal 15 minuten.","Translated"
"1000","Start the EV system.","Start het EV-systeem.","Translated"
"1001","The wheel position registration procedure cannot be performed while the vehicle is moving.","De procedure voor registratie van de wielpositie kan niet worden uitgevoerd terwijl de auto rijdt.","Translated"
"1002","Select <Tag pos=""Point"" x=""2"" type=""InlineImage"">&lt;symbol href = &quot;../image/zzsv99ai026a.eps&quot; width = &quot;5.000mm&quot; height = &quot;5.000mm&quot; xoffset = &quot;0.000mm&quot; yoffset = &quot;0.000mm&quot;/&gt;</Tag> on the multimedia display.","Selecteer <Tag pos=""Point"" x=""2"" type=""InlineImage"">&lt;symbol href = &quot;../image/zzsv99ai026a.eps&quot; width = &quot;5.000mm&quot; height = &quot;5.000mm&quot; xoffset = &quot;0.000mm&quot; yoffset = &quot;0.000mm&quot;/&gt;</Tag> op het multimediadisplay.","Translated"
"1003","Select “<Tag pos=""Point"" x=""2"" type=""Inline"">&lt;function&gt;Vehicle&lt;/function&gt;</Tag>”.","Selecteer “<Tag pos=""Point"" x=""2"" type=""Inline"">&lt;function&gt;Vehicle&lt;/function&gt;</Tag>”.",""
"1004","Select “<Tag pos=""Point"" x=""2"" type=""Inline"">&lt;function&gt;Tires&lt;/function&gt;</Tag>”.","Selecteer “<Tag pos=""Point"" x=""2"" type=""Inline"">&lt;function&gt;Tires&lt;/function&gt;</Tag>”.",""
"1005","Select “<Tag pos=""Point"" x=""2"" type=""Inline"">&lt;function&gt;Detect tire position&lt;/function&gt;</Tag>”.","Selecteer “<Tag pos=""Point"" x=""2"" type=""Inline"">&lt;function&gt;Detect tire position&lt;/function&gt;</Tag>”.",""
"1006","Select “<Tag pos=""Point"" x=""2"" type=""Inline"">&lt;function&gt;Continue&lt;/function&gt;</Tag>”.","Selecteer “<Tag pos=""Point"" x=""2"" type=""Inline"">&lt;function&gt;Continue&lt;/function&gt;</Tag>”.","Translated"
"1007","A message indicating that wheel position registration is being performed will be displayed on the multi-information display. ","Het multi-informatiedisplay toont een melding dat aangeeft dat de registratie van de wielposities wordt uitgevoerd. ","Translated"
"1008","“<Tag pos=""Point"" x=""1"" type=""Inline"">&lt;function&gt;---&lt;/function&gt;</Tag>” will be displayed for the tire inflation pressure of each tire and wheel position registration will begin.","“<Tag pos=""Point"" i=""1"" x=""1"" type=""Inline"">&lt;function&gt;---&lt;/function&gt;</Tag>” wordt weergegeven voor de bandenspanning van elk wiel en de registratie van de wielposities begint.","Translated"
"1009","Drive straight (with occasional left and right turns) at approximately 40 km/h (25 mph) or more for approximately 10 to 30 minutes.","Rij gedurende ongeveer 10 tot 30 minuten met een snelheid van minimaal ongeveer 40 km/h rechtdoor (met af en toe links of rechts afslaan).","Translated"
"1010","When wheel position registration is complete, a message indicating that registration has been completed and the inflation pressure of each tire will be displayed on the multi-information display.","Wanneer de wielpositionering is voltooid, wordt op het multi-informatiedisplay een melding weergegeven die aangeeft dat de registratie is voltooid en wordt de bandenspanning van elke band weergegeven.","Translated"
"1011","Even if it is not possible to drive continuously at approximately 40 km/h (25 mph) or more, registration can be completed by driving for a long time. ","Ook als niet continu met minimaal ongeveer 40 km/h wordt gereden, kan de registratie worden voltooid door lange tijd te rijden. ","Translated"
"1012","However, if registration does not complete after driving for 1 hour or more, park the vehicle in a safe place and leave it with the power switch in ON for approximately 15 minutes or more, and then perform the driving procedure again.","Als de registratie echter niet is voltooid na 1 uur rijden of langer, parkeert u de auto op een veilige plaats en laat u deze gedurende ongeveer 15 minuten of langer met ingeschakeld contact staan, waarna u opnieuw met de auto moet rijden.","Translated"
"1013","When performing wheel position registration","Bij het uitvoeren van een registratie van de posities van de wielen","Translated"
"1014","Normally, wheel position registration can be completed within approximately 30 minutes.","Normaliter kan de registratie van de posities van de wielen worden voltooid binnen ongeveer 30 minuten.","Translated"
"1015","Wheel position registration is performed while driving at a vehicle speed of approximately 40 km/h (25 mph) or more.","De registratie van de positie van de wielen wordt uitgevoerd tijdens het rijden met minimaal ongeveer 40 km/h.","Translated"
"1016","Wheel position registration procedure","Procedure voor het opslaan van wielpositie.","Translated"
"1017","If the power switch is turned off while registering the wheel position, the next time the power switch is turned to ON, the wheel position registration will resume and it will not be necessary to restart the procedure.","Als het contact wordt uitgeschakeld tijdens het registreren van de positie van de wielen, wordt de registratie van de positie van de wielen hervat wanneer het contact de volgende keer op AAN wordt gezet. U hoeft de procedure niet opnieuw te starten.","Translated"
"1018","While the position of each wheel is being determined and the inflation pressures are not being displayed, if the inflation pressure of a tire drops, the tire pressure warning light will come on.","Als tijdens het vaststellen van de positie van elk wiel, waarbij de bandenspanningen niet worden weergegeven, de bandenspanning van een band afneemt, gaat het waarschuwingslampje voor bandenspanning branden.","Translated"
"1019","If the wheel position cannot be registered easily","Als de wielpositie niet eenvoudig kan worden geregistreerd","Translated"
"1020","In the following situations, wheel position registration may take longer than usual to be completed or may not be possible.","In de volgende situaties kan de registratie van de positie van de wielen langer duren dan normaal of niet mogelijk zijn.","Translated"
"1021","Vehicle is not driven at approximately 40 km/h (25 mph) or more","De auto rijdt niet met minimaal 40 km/h","Translated"
"1022","Vehicle is driven on unpaved roads","De auto rijdt op onverharde wegen","Translated"
"1023","If wheel position registration does not complete after driving for 1 hour or more, park the vehicle in a safe place for approximately 15 minutes and then drive the vehicle again.","Als de wielpositieregistratie niet is voltooid na 1 uur rijden of langer, parkeert u de auto op een veilige plaats, wacht u ongeveer 15 minuten en rijdt u opnieuw met de auto.","Translated"
"1024","If the vehicle is reversed during wheel position registration, all data collected until then will be cleared. ","Als de auto achteruit rijdt tijdens de registratie van de positie van de wielen, worden alle tot dan toe verzamelde gegevens gewist. ","Translated"
"1025","Perform driving again.","Rij opnieuw.","Translated"
"1026","Tire pressure warning system:","Waarschuwingssysteem bandenspanning:","Translated"
"1027","Setting the tire pressure","De bandenspanning instellen","Translated"
"1028","Setting the tire pressure","De bandenspanning instellen","Translated"
"1029","When you need to setting the tire pressure","Wanneer u de bandenspanning moet instellen","Translated"
"1030","In the following situations, it will be necessary to perform the tire inflation pressure setting procedure of the tire pressure warning system.","In de volgende situaties moet u de procedure uitvoeren voor het instellen van de bandenspanning van het waarschuwingssysteem voor de bandenspanning.","Translated"
"1031","When the specified tire inflation pressure has changed, such as due to carried load, etc.","Wanneer de gespecificeerde bandenspanning is gewijzigd, zoals bij het vervoeren van lading, enz.","Translated"
"1032","When the tire inflation pressure is changed such as when the tire size is changed.","Wanneer de bandenspanning is gewijzigd doordat bijvoorbeeld de bandenmaat is gewijzigd.","Translated"
"1033","If the tire inflation pressure has been adjusted to the specified level, perform the tire inflation setting procedure by selecting specified inflation pressure on the multimedia display. ","Als de bandenspanning de gespecificeerde waarde heeft, voert u de procedure uit voor het instellen van de bandenspanning door de gespecificeerde bandenspanning te selecteren op het multimediadisplay. ","Translated"
"1034","(<NU x=""1"">&amp;rarr;</NU>P.###)","(<NU x=""1"">&amp;rarr;</NU>P.###)",""
"1035","When the tire inflation pressure is to be other than specified, such as when tires other than the specified size are used, etc., set the tire inflation pressure using the current pressure. ","Als de bandenspanning moet afwijken van de gespecificeerde waarde, zoals wanneer banden met een andere dan de gespecificeerde maat worden gebruikt, enz., gebruikt u de huidige bandenspanning als instelwaarde. ","Translated"
"1036","Make sure to adjust the tire inflation pressure of each tire to the appropriate level before performing tire pressure setting. ","Pomp elke band op tot de juiste bandenspanning voordat u de bandenspanning instelt. ","Translated"
"1037","The tire pressure warning system operates based on this tire inflation pressure. ","Het waarschuwingssysteem voor de bandenspanning werkt op basis van deze bandenspanning. ","Translated"
"1038","(<NU x=""1"">&amp;rarr;</NU>P.###)","(<NU x=""1"">&amp;rarr;</NU>P.###)",""
"1039","Setting by selecting a specified tire inflation pressure","Instellen door een gespecificeerde bandenspanning te selecteren","Translated"
"1040","Start the EV system.","Start het EV-systeem.","Translated"
"1041","The tire inflation pressure cannot be set while the vehicle is moving.","De bandenspanning kan niet worden ingesteld terwijl de auto rijdt.","Translated"
"1042","Select <Tag pos=""Point"" x=""2"" type=""InlineImage"">&lt;symbol href = &quot;../image/zzsv99ai026a.eps&quot; width = &quot;5.000mm&quot; height = &quot;5.000mm&quot; xoffset = &quot;0.000mm&quot; yoffset = &quot;0.000mm&quot;/&gt;</Tag> on the multimedia display.","Selecteer <Tag pos=""Point"" x=""2"" type=""InlineImage"">&lt;symbol href = &quot;../image/zzsv99ai026a.eps&quot; width = &quot;5.000mm&quot; height = &quot;5.000mm&quot; xoffset = &quot;0.000mm&quot; yoffset = &quot;0.000mm&quot;/&gt;</Tag> op het multimediadisplay.","Translated"
"1043","Select “<Tag pos=""Point"" x=""2"" type=""Inline"">&lt;function&gt;Vehicle&lt;/function&gt;</Tag>”.","Selecteer “<Tag pos=""Point"" x=""2"" type=""Inline"">&lt;function&gt;Vehicle&lt;/function&gt;</Tag>”.",""
"1044","Select “<Tag pos=""Point"" x=""2"" type=""Inline"">&lt;function&gt;Tires&lt;/function&gt;</Tag>”.","Selecteer “<Tag pos=""Point"" x=""2"" type=""Inline"">&lt;function&gt;Tires&lt;/function&gt;</Tag>”.",""
"1045","Select “<Tag pos=""Point"" x=""2"" type=""Inline"">&lt;function&gt;Set custom pressure&lt;/function&gt;</Tag>” and then select the desired front and rear tire pressures.","Selecteer “<Tag pos=""Point"" x=""2"" type=""Inline"">&lt;function&gt;Set custom pressure&lt;/function&gt;</Tag>” en selecteer vervolgens de gewenste bandenspanning vóór en achter.",""
"1046","Select “<Tag pos=""Point"" x=""2"" type=""Inline"">&lt;function functionid = &quot;Save-TMNAMM&quot;&gt;Save&lt;/function&gt;</Tag>”.","Selecteer “<Tag pos=""Point"" x=""2"" type=""Inline"">&lt;function functionid = &quot;Save-TMNAMM&quot;&gt;Save&lt;/function&gt;</Tag>”.",""
"1047","The tire pressure warning light will slowly blink 3 times.","Het waarschuwingslampje voor bandenspanning knippert langzaam 3 keer.","Translated"
"1048","After setting the tire inflation pressure, a message indicating that setting has been completed will be displayed on the multi-information display.","Nadat de bandenspanning is ingesteld, wordt op het multi-informatiedisplay een melding weergegeven die aangeeft dat de instelling is voltooid.","Translated"
"1049","Setting using the current tire inflation pressure","Instellen met de huidige bandenspanning","Translated"
"1050","Adjust the tire inflation pressure of each tire to the appropriate level.","Pomp elke band op tot de juiste bandenspanning.","Translated"
"1051","Make sure to adjust the tire inflation pressure with the tires cold.","Zorg dat de banden zijn opgepompt tot de gespecificeerde bandenspanning wanneer ze koud zijn.","Translated"
"1052","Start the EV system.","Start het EV-systeem.","Translated"
"1053","The tire inflation pressure cannot be set while the vehicle is moving.","De bandenspanning kan niet worden ingesteld terwijl de auto rijdt.","Translated"
"1054","Select <Tag pos=""Point"" x=""2"" type=""InlineImage"">&lt;symbol href = &quot;../image/zzsv99ai026a.eps&quot; width = &quot;5.000mm&quot; height = &quot;5.000mm&quot; xoffset = &quot;0.000mm&quot; yoffset = &quot;0.000mm&quot;/&gt;</Tag> on the multimedia display.","Selecteer <Tag pos=""Point"" x=""2"" type=""InlineImage"">&lt;symbol href = &quot;../image/zzsv99ai026a.eps&quot; width = &quot;5.000mm&quot; height = &quot;5.000mm&quot; xoffset = &quot;0.000mm&quot; yoffset = &quot;0.000mm&quot;/&gt;</Tag> op het multimediadisplay.","Translated"
"1055","Select “<Tag pos=""Point"" x=""2"" type=""Inline"">&lt;function&gt;Vehicle&lt;/function&gt;</Tag>”.","Selecteer “<Tag pos=""Point"" x=""2"" type=""Inline"">&lt;function&gt;Vehicle&lt;/function&gt;</Tag>”.",""
"1056","Select “<Tag pos=""Point"" x=""2"" type=""Inline"">&lt;function&gt;Tires&lt;/function&gt;</Tag>”.","Selecteer “<Tag pos=""Point"" x=""2"" type=""Inline"">&lt;function&gt;Tires&lt;/function&gt;</Tag>”.",""
"1057","Select “<Tag pos=""Point"" x=""2"" type=""Inline"">&lt;function&gt;Use current pressure&lt;/function&gt;</Tag>”.","Selecteer “<Tag pos=""Point"" x=""2"" type=""Inline"">&lt;function&gt;Use current pressure&lt;/function&gt;</Tag>”.",""
"1058","Select “<Tag pos=""Point"" x=""2"" type=""Inline"">&lt;function&gt;Confirm&lt;/function&gt;</Tag>”.","Selecteer “<Tag pos=""Point"" x=""2"" type=""Inline"">&lt;function&gt;Confirm&lt;/function&gt;</Tag>”.",""
"1059","The tire pressure warning light will slowly blink 3 times and a message indicating that tire inflation pressure is being set will be displayed on the multi-information display.","Het waarschuwingslampje voor de bandenspanning knippert 3 keer langzaam, en op het multi-informatiedisplay wordt een melding weergegeven die aangeeft dat de bandenspanning is ingesteld.","Translated"
"1060","After setting the tire inflation pressure, a message indicating that setting has been completed will be displayed on the multi-information display.","Nadat de bandenspanning is ingesteld, wordt op het multi-informatiedisplay een melding weergegeven die aangeeft dat de instelling is voltooid.","Translated"
"1061","Warning performance of the tire pressure warning system (Setting using the current tire inflation pressure)","Waarschuwingsprestaties van het waarschuwingssysteem voor de bandenspanning (instellen met de huidige bandenspanning)","Translated"
"1062","When performing the tire pressure setting using the current tire inflation pressure, the warning timing of the tire pressure warning system will vary according to the conditions under which tire pressure setting was performed. ","Als de bandenspanning wordt ingesteld met de huidige bandenspanning, zal het waarschuwingsmoment van het waarschuwingssysteem voor de bandenspanning variëren afhankelijk van de omstandigheden waaronder de instelling van de bandenspanning is uitgevoerd. ","Translated"
"1063","Therefore, a warning may be output even if the tire inflation pressure drops slightly or if the tire inflation pressure increases above that when the tire inflation pressure was set.","Er kan daarom een waarschuwing worden gegeven als de bandenspanning ook maar een beetje afneemt, of als de bandenspanning toeneemt tot boven de waarde op het moment van instelling.","Translated"
"1064","Make sure to perform the tire pressure setting procedure after adjusting the tire inflation pressure. ","Voer de procedure voor het instellen van de bandenspanning pas uit nadat u de banden hebt opgepompt tot de juiste spanning. ","Translated"
"1065","Also, make sure the tires are cold before performing the tire pressure setting procedure or adjusting the tire inflation pressure.","Zorg ook dat de banden koud zijn wanneer u de procedure voor het instellen van de bandenspanning uitvoert of lucht in de banden pompt of eruit laat.","Translated"
"1066","Tire inflation pressure setting procedure (Setting using the current tire inflation pressure)","Procedure voor het instellen van de bandenspanning (instellen met de huidige bandenspanning)","Translated"
"1067","If the power switch is turned off while setting the tire inflation pressure, the next time the power switch is turned to ON, the setting procedure will resume and it will not be necessary to restart the procedure.","Als het contact wordt uitgeschakeld tijdens het instellen van de bandenspanning, wordt de instelprocedure hervat wanneer het contact de volgende keer op AAN wordt gezet. U hoeft de procedure niet opnieuw te starten.","Translated"
"1068","If the tire inflation pressure setting procedure is started unnecessarily, adjust the tire inflation pressure to the specified level with the tires cold and then perform setting by selecting a specified tire inflation pressure, or perform the tire inflation pressure setting procedure with the current tire inflation pressure.","Als de procedure voor het instellen van de bandenspanning onnodig wordt gestart, stelt u de bandenspanning in op de gespecificeerde waarde bij koude banden, en voert u de instelling uit door een gespecificeerde bandenspanning te kiezen, of voert u de procedure uit voor instelling met de huidige bandenspanning.","Translated"
"1069","If the tire inflation pressure cannot be set easily","Als de bandenspanning niet eenvoudig kan worden ingesteld","Translated"
"1070","Normally, it takes approximately 3 minutes to complete the setting procedure to the current tire inflation pressure.","Normaal gesproken duurt het ongeveer 3 minuten om de band op de huidige bandenspanning in te stellen.","Translated"
"1071","If the tire pressure warning light does not blink 3 times when starting the tire inflation pressure setting procedure, the procedure may not have started. ","Als het waarschuwingslampje voor de bandenspanning niet 3 keer knippert wanneer de procedure voor het instellen van de bandenspanning wordt gestart, is de procedure mogelijk niet gestart. ","Translated"
"1072","Perform the procedure again from the beginning.","Voer de procedure opnieuw uit vanaf het begin.","Translated"
"1073","If tire inflation pressure setting procedure cannot be completed after performing the above procedure, contact any authorized SUBARU retailer or SUBARU authorized repairer, or any reliable repairer.","Als de procedure voor het instellen van de bandenspanning niet kan worden uitgevoerd na het opvolgen van de bovenstaande instructies, neemt u contact op met een erkende SUBARU-dealer, erkende SUBARU-reparateur, of andere betrouwbare reparateur.","Translated"
"1074","When setting using the current tire inflation pressure","Bij het instellen met de huidige bandenspanning","Translated"
"1075","Make sure to adjust the tire inflation pressure of each tire to the appropriate level before performing tire pressure setting. ","Pomp elke band op tot de juiste bandenspanning voordat u de bandenspanning instelt. ","Translated"
"1076","Otherwise, the tire pressure warning light may not illuminate even if the tire inflation pressure drops or may illuminate even though the tire inflation pressure is normal.","Als u dit niet doet, gaat het waarschuwingslampje voor de bandenspanning mogelijk niet branden als de bandenspanning afneemt, of juist branden terwijl de bandenspanning normaal is.","Translated"
"1077","Tire pressure warning system:","Waarschuwingssysteem bandenspanning:","Translated"
"1078","Registering ID codes","Registreren van id-codes","Translated"
"1079","Registering ID codes","Registreren van id-codes","Translated"
"1080","When to register ID codes","ID-codes registreren","Translated"
"1081","The tire pressure warning valve and transmitter is equipped with a unique ID code. ","Elk ventiel en elke zender voor waarschuwing voor de bandenspanning heeft een unieke id-code. ","Translated"
"1082","When new tire pressure warning valves and transmitters are installed, new ID codes must be registered in the tire pressure warning computer.","Wanneer nieuwe ventielen en zenders voor waarschuwing voor de bandenspanning worden aangebracht, moet u nieuwe id-codes registreren in de computer van de waarschuwing voor de bandenspanning.","Translated"
"1083","How to registration ID code","ID-codes registreren","Translated"
"1084","Before performing ID code registration, make sure that no wheels with tire pressure warning valve and transmitters installed are near the vehicle.","Zorg ervoor dat u vóór het registreren van de ID-code controleert of er geen wielen met geïnstalleerde bandenspanningswaarschuwingsventielen en zenders nabij het voertuig zijn.","Translated"
"1085","Park the vehicle in a safe place, turn the power switch off and wait 15 minutes or more.","Parkeer de auto op een veilige plaats, schakel het contact uit en wacht minimaal 15 minuten.","Translated"
"1086","Start the EV system.","Start het EV-systeem.","Translated"
"1087","The ID code registration procedure cannot be performed while the vehicle is moving.","De procedure voor registratie van de id-codes kan niet worden uitgevoerd terwijl de auto rijdt.","Translated"
"1088","Select <Tag pos=""Point"" x=""2"" type=""InlineImage"">&lt;symbol href = &quot;../image/zzsv99ai026a.eps&quot; width = &quot;5.000mm&quot; height = &quot;5.000mm&quot; xoffset = &quot;0.000mm&quot; yoffset = &quot;0.000mm&quot;/&gt;</Tag> on the multimedia display.","Selecteer <Tag pos=""Point"" x=""2"" type=""InlineImage"">&lt;symbol href = &quot;../image/zzsv99ai026a.eps&quot; width = &quot;5.000mm&quot; height = &quot;5.000mm&quot; xoffset = &quot;0.000mm&quot; yoffset = &quot;0.000mm&quot;/&gt;</Tag> op het multimediadisplay.","Translated"
"1089","Select “<Tag pos=""Point"" x=""2"" type=""Inline"">&lt;function&gt;Vehicle&lt;/function&gt;</Tag>”.","Selecteer “<Tag pos=""Point"" x=""2"" type=""Inline"">&lt;function&gt;Vehicle&lt;/function&gt;</Tag>”.",""
"1090","Select “<Tag pos=""Point"" x=""2"" type=""Inline"">&lt;function&gt;Tires&lt;/function&gt;</Tag>”.","Selecteer “<Tag pos=""Point"" x=""2"" type=""Inline"">&lt;function&gt;Tires&lt;/function&gt;</Tag>”.",""
"1091","Check if the desired wheel set (“<Tag pos=""Point"" x=""2"" type=""Inline"">&lt;function functionid = &quot;Set1-TMNAMM&quot;&gt;Set 1&lt;/function&gt;</Tag>” or “<Tag pos=""Point"" x=""3"" type=""Inline"">&lt;function functionid = &quot;Set2-TMNAMM&quot;&gt;Set 2&lt;/function&gt;</Tag>”) is displayed.","Controleer of de gewenste wielset (“<Tag pos=""Point"" x=""2"" type=""Inline"">&lt;function functionid = &quot;Set1-TMNAMM&quot;&gt;Set 1&lt;/function&gt;</Tag>” of “<Tag pos=""Point"" x=""3"" type=""Inline"">&lt;function functionid = &quot;Set2-TMNAMM&quot;&gt;Set 2&lt;/function&gt;</Tag>”) wordt weergegeven.",""
"1092","ID codes will be registered to the displayed wheel set.","De id-codes worden geregistreerd voor de weergegeven wielset.","Translated"
"1093","To change the wheel set to be registered, select the displayed set, and then select the wheel set you wish to register.","Om de te registreren wielset te wijzigen, selecteer de weergegeven set en selecteer vervolgens de wielset die u wilt registreren.","Translated"
"1094","If ID codes have already been registered for that wheel set, the tire pressure warning light will slowly blink 3 times, and a message indicating that change is occurring will be displayed on the multi-information display.","Als er al id-codes voor de betreffende wielset zijn geregistreerd, knippert het waarschuwingslampje voor de bandenspanning 3 keer langzaam, en wordt op het multi-informatiedisplay een melding weergegeven die aangeeft dat een wijziging wordt doorgevoerd.","Translated"
"1095","Select “<Tag pos=""Point"" x=""2"" type=""Inline"">&lt;function&gt;Register&lt;/function&gt;</Tag>”.","Selecteer “<Tag pos=""Point"" x=""2"" type=""Inline"">&lt;function&gt;Register&lt;/function&gt;</Tag>”.",""
"1096","Select “<Tag pos=""Point"" x=""2"" type=""Inline"">&lt;function functionid = &quot;Start-TPM&quot;&gt;Start&lt;/function&gt;</Tag>”.","Selecteer “<Tag pos=""Point"" x=""2"" type=""Inline"">&lt;function functionid = &quot;Start-TPM&quot;&gt;Start&lt;/function&gt;</Tag>”.",""
"1097","The tire pressure warning light will slowly blink 3 times and a message indicating that ID code registration is being performed will be displayed on the multi-information display. ","Het waarschuwingslampje voor de bandenspanning knippert 3 keer langzaam, en op het multi-informatiedisplay wordt een melding weergegeven die aangeeft dat de registratie van de id-codes wordt uitgevoerd. ","Translated"
"1098","Wheel set changing will be canceled and registration will begin.","De wijziging van de wielset wordt geannuleerd en de registratie begint.","Translated"
"1099","When registration is being performed, the tire pressure warning light will blink for approximately 1 minute then illuminate and “<Tag pos=""Point"" x=""1"" type=""Inline"">&lt;function&gt;---&lt;/function&gt;</Tag>” will be displayed for the inflation pressure of each tire on the multi-information display.","Wanneer de registratie wordt uitgevoerd, knippert het waarschuwingslampje voor de bandenspanning ongeveer 1 minuut. Daarna blijft het branden en wordt op het multi-informatiedisplay “<Tag pos=""Point"" x=""1"" type=""Inline"">&lt;function&gt;---&lt;/function&gt;</Tag>” weergegeven voor de bandenspanning van elke band.","Translated"
"1100","Drive straight (with occasional left and right turns) at approximately 40 km/h (25 mph) or more for approximately 10 to 30 minutes.","Rij gedurende ongeveer 10 tot 30 minuten met een snelheid van minimaal ongeveer 40 km/h rechtdoor (met af en toe links of rechts afslaan).","Translated"
"1101","When registration is complete, the tire pressure warning light will turn off and a message indicating that registration has been completed will be displayed on the multi-information display.","Wanneer de registratie is voltooid, gaat het waarschuwingslampje voor de bandenspanning uit en wordt op het multi-informatiedisplay een melding weergegeven die aangeeft dat de registratie is voltooid.","Translated"
"1102","Registration may take longer than normal to complete if the vehicle speed cannot be maintained at approximately 40 km/h (25 mph) or more. ","De registratie kan langer duren dan normaal als de rijsnelheid niet ongeveer 40 km/h of hoger kan worden gehouden. ","Translated"
"1103","If registration cannot be completed after driving for 1 hour or more, perform the registration procedure again from the beginning.","Als de registratie niet is voltooid na 1 uur rijden of langer, voert u de registratieprocedure nog eens uit vanaf het begin.","Translated"
"1104","If the tire inflation pressure of the wheel set installed differs from that of the previous set, it will be necessary to perform the tire inflation pressure setting procedure of the tire pressure warning system. ","Als de bandenspanning van de aangebrachte wielset verschilt van die van de vorige set, moet u de procedure voor het instellen van de bandenspanning van het waarschuwingssysteem voor de bandenspanning uitvoeren. ","Translated"
"1105","(<NU x=""2"">&amp;rarr;</NU>P.###)","(<NU x=""1"">&amp;rarr;</NU>P.###)",""
"1106","If the specified tire inflation pressure is the same, it will not be necessary to perform the tire inflation pressure setting procedure.","Als de gespecificeerde bandenspanning hetzelfde is, hoeft de procedure voor het instellen van de bandenspanning niet te worden uitgevoerd.","Translated"
"1107","When registering ID codes","Bij het registreren van id-codes","Translated"
"1108","Normally, wheel position registration can be completed within approximately 30 minutes.","Normaliter kan de registratie van de posities van de wielen worden voltooid binnen ongeveer 30 minuten.","Translated"
"1109","ID code registration is performed while driving at a vehicle speed of approximately 40 km/h (25 mph) or more.","De registratie id-codes wordt uitgevoerd tijdens het rijden met minimaal ongeveer 40 km/h.","Translated"
"1110","ID codes can be registered by yourself, but depending on the driving conditions and driving environment, registration may take some time to complete.","U kunt de id-codes zelf registeren, maar afhankelijk van de rijomstandigheden en rijomgeving kan het enige tijd duren om de registratie te voltooien.","Translated"
"1111","When using a wheel set which all of the ID codes have already been registered, the wheel set can be changed in a short amount of time. ","Bij gebruik van een wielset waarvan alle id-codes al zijn geregistreerd, kan de wielset snel worden gewijzigd. ","Translated"
"1112","(<NU x=""2"">&amp;rarr;</NU>P.###)","(<NU x=""1"">&amp;rarr;</NU>P.###)",""
"1113","If ID codes are not registered easily","Als de id-codes niet eenvoudig kunnen worden geregistreerd.","Translated"
"1114","In the following situations, ID code registration may take longer than usual to be completed or may not be possible.","In de volgende situaties kan de registratie van id-codes langer duren dan normaal of niet mogelijk zijn.","Translated"
"1115","When the vehicle has not been parked for approximately 15 minutes or more before being driven","Wanneer de auto niet minimaal ongeveer 15 minuten geparkeerd heeft gestaan voordat ermee wordt gereden","Translated"
"1116","Vehicle is not driven at approximately 40 km/h (25 mph) or more","De auto rijdt niet met minimaal 40 km/h","Translated"
"1117","Vehicle is driven on unpaved roads","De auto rijdt op onverharde wegen","Translated"
"1118","Vehicle is driven near other vehicles and system cannot recognize tire pressure warning valve and transmitters of your vehicle over those of other vehicles","De auto rijdt in de buurt van andere voertuigen, en het systeem kan het ventiel en zenders voor waarschuwing voor de bandenspanning van uw auto niet onderscheiden van die van andere voertuigen.","Translated"
"1119","Wheel with tire pressure warning valve and transmitter installed is inside or near the vehicle","Het wiel waarop het ventiel en de zender voor waarschuwing voor de bandenspanning zijn aangebracht, bevindt zich in of dicht bij de auto","Translated"
"1120","If the vehicle is reversed during registration, all data collected until then will be cleared. ","Als de auto achteruit rijdt tijdens de registratie, worden alle tot dan toe verzamelde gegevens gewist. ","Translated"
"1121","Perform driving again.","Rij opnieuw.","Translated"
"1122","If registration does not complete after driving for 1 hour or more, perform the ID code registration procedure again from the beginning.","Als de registratie niet is voltooid na 1 uur rijden of langer, voert u de procedure voor registratie van de id-codes nog eens uit vanaf het begin.","Translated"
"1123","If the tire pressure warning light does not blink 3 times when starting ID code registration procedure, the procedure may not have started. ","Als het waarschuwingslampje voor de bandenspanning niet 3 keer knippert wanneer de procedure voor de registratie van de id-codes wordt gestart, is de procedure mogelijk niet gestart. ","Translated"
"1124","Perform the procedure again from the beginning.","Voer de procedure opnieuw uit vanaf het begin.","Translated"
"1125","If the ID codes cannot be registered even when performing the above procedure, contact any authorized SUBARU retailer or SUBARU authorized repairer, or any reliable repairer.","Als de ID-codes nog steeds niet kunnen worden geregistreerd nadat u de bovenstaande procedure hebt uitgevoerd, neemt u contact op met een erkende SUBARU-dealer, erkende SUBARU-reparateur, of andere betrouwbare reparateur.","Translated"
"1126","Canceling ID code registration","Annuleren van de registratie van id-codes","Translated"
"1127","To cancel ID code registration after it has been started, select “<Tag pos=""Point"" x=""1"" type=""Inline"">&lt;function&gt;New tires&lt;/function&gt;</Tag>” again on the multimedia display.","Om de registratie van id-codes te annuleren nadat deze is gestart, selecteert u nog eens “<Tag pos=""Point"" x=""1"" type=""Inline"">&lt;function&gt;New tires&lt;/function&gt;</Tag>” op het multimediadisplay.",""
"1128","If ID code registration has been canceled, the tire pressure warning light will turn off.","Als de registratie van id-codes is geannuleerd, gaat het waarschuwingslampje voor de bandenspanning uit.","Translated"
"1129","If the warning light does not turn off, ID code registration may not have been cancelled correctly. ","Als het waarschuwingslampje niet uit gaat, is de registratie van ID-codes mogelijk niet naar behoren geannuleerd. ","Translated"
"1130","To cancel registration, select “<Tag pos=""Point"" x=""1"" type=""Inline"">&lt;function&gt;New tires&lt;/function&gt;</Tag>” again on the multimedia display.","Om de registratie te annuleren selecteert u nog eens “<Tag pos=""Point"" x=""1"" type=""Inline"">&lt;function&gt;New tires&lt;/function&gt;</Tag>” op het multimediadisplay.",""
"1131","Tire pressure warning system:","Waarschuwingssysteem bandenspanning:","Translated"
"1132","Selecting wheel set","De wielset selecteren","Translated"
"1133","Selecting wheel set","De wielset selecteren","Translated"
"1134","Your vehicle is equipped with a tire pressure warning system with a function to register two sets of ID codes. ","Uw auto is uitgerust met een waarschuwingssysteem voor de bandenspanning met een functie voor het registreren van twee sets id-codes. ","Translated"
"1135","This allows for registration of a second wheel set, for example a winter set.","Dit maakt het mogelijk een tweede wielset te registreren, bijvoorbeeld een set winterbanden.","Translated"
"1136","The wheel set can be changed only if a second wheel set has been registered to the system. ","De wielset kan alleen worden gewijzigd als er een tweede wielset is geregistreerd bij het systeem. ","Translated"
"1137","If a second wheel set has not been registered, “<Tag pos=""Point"" x=""3"" type=""Inline"">&lt;function&gt;Set 2 (Unregistered)&lt;/function&gt;</Tag>” will be displayed and it will not be possible to change to the selected wheel set.","Als er geen tweede wielset is geregistreerd, wordt “<Tag pos=""Point"" i=""1"" x=""3"" type=""Inline"">&lt;function&gt;Set 2 (Unregistered)&lt;/function&gt;</Tag>” weergegeven en kan er niet worden gewijzigd naar de geselecteerde wielset.","Translated"
"1138","ID codes can be registered by yourself. ","U kunt id-codes zelf registeren. ","Translated"
"1139","(<NU x=""1"">&amp;rarr;</NU>P.###)","(<NU x=""1"">&amp;rarr;</NU>P.###)",""
"1140","Only a change between both registered wheel set is possible, mixing between these wheel sets is not supported.","Het is alleen mogelijk te wisselen tussen twee geregistreerde wielsets. Het gebruik van een combinatie van wielen uit deze wielsets wordt niet ondersteund.","Translated"
"1141","While registering ID codes, it may not be possible to change between wheel sets normally. ","Tijdens het registreren van id-codes kan het voorkomen dat het niet mogelijk is normaal te wisselen tussen de wielsets. ","Translated"
"1142","Cancel registration before changing between wheel sets.","Annuleer de registratie voordat u wisselt tussen wielsets.","Translated"
"1143","Changing ID codes between different wheel sets","ID-codes wijzigen tussen wielsets","Translated"
"1144","Install the desired wheel set.","Breng de gewenste wielset aan.","Translated"
"1145","Select <Tag pos=""Point"" x=""2"" type=""InlineImage"">&lt;symbol href = &quot;../image/zzsv99ai026a.eps&quot; width = &quot;5.000mm&quot; height = &quot;5.000mm&quot; xoffset = &quot;0.000mm&quot; yoffset = &quot;0.000mm&quot;/&gt;</Tag> on the multimedia display.","Selecteer <Tag pos=""Point"" x=""2"" type=""InlineImage"">&lt;symbol href = &quot;../image/zzsv99ai026a.eps&quot; width = &quot;5.000mm&quot; height = &quot;5.000mm&quot; xoffset = &quot;0.000mm&quot; yoffset = &quot;0.000mm&quot;/&gt;</Tag> op het multimediadisplay.","Translated"
"1146","Select “<Tag pos=""Point"" x=""2"" type=""Inline"">&lt;function&gt;Vehicle&lt;/function&gt;</Tag>”.","Selecteer “<Tag pos=""Point"" x=""2"" type=""Inline"">&lt;function&gt;Vehicle&lt;/function&gt;</Tag>”.",""
"1147","Select “<Tag pos=""Point"" x=""2"" type=""Inline"">&lt;function&gt;Tires&lt;/function&gt;</Tag>”.","Selecteer “<Tag pos=""Point"" x=""2"" type=""Inline"">&lt;function&gt;Tires&lt;/function&gt;</Tag>”.",""
"1148","Select “<Tag pos=""Point"" x=""2"" type=""Inline"">&lt;function&gt;Current tires&lt;/function&gt;</Tag>”.","Selecteer “<Tag pos=""Point"" x=""2"" type=""Inline"">&lt;function&gt;Current tires&lt;/function&gt;</Tag>”.",""
"1149","Select the wheel set (“<Tag pos=""Point"" x=""2"" type=""Inline"">&lt;function&gt;Set 1&lt;/function&gt;</Tag>” or “<Tag pos=""Point"" x=""3"" type=""Inline"">&lt;function&gt;Set 2&lt;/function&gt;</Tag>”) displayed for the set selection setting.","Selecteer de wielset (“<Tag pos=""Point"" i=""1"" x=""2"" type=""Inline"">&lt;function&gt;Set 1&lt;/function&gt;</Tag>” of “<Tag pos=""Point"" i=""2"" x=""3"" type=""Inline"">&lt;function&gt;Set 2&lt;/function&gt;</Tag>”) die wordt weergegeven voor de instellingen voor setkeuze.","Translated"
"1150","The tire pressure warning light will slowly blink 3 times, a message indicating that change is occurring will be displayed, and the wheel set change will begin.","Het waarschuwingslampje voor de bandenspanning knippert 3 keer langzaam, op het multi-informatiedisplay wordt een melding weergegeven die aangeeft dat een wijziging wordt doorgevoerd, en de wisseling van wielset begint.","Translated"
"1151","Wheel set change will begin and the tire pressure warning light will blink for 1 minute and then illuminate. ","De wisseling van de wielset begint en het waarschuwingslampje voor de bandenspanning knippert gedurende 1 minuut en blijft daarna branden. ","Translated"
"1152","Also, while the change is being performed, “<Tag pos=""Point"" x=""1"" type=""Inline"">&lt;function&gt;---&lt;/function&gt;</Tag>” will be displayed for the tire inflation pressure of each tire on the multi-information display.","Daarnaast wordt tijdens de wisseling “<Tag pos=""Point"" x=""1"" type=""Inline"">&lt;function&gt;---&lt;/function&gt;</Tag>” weergegeven voor de bandenspanning van elke band op het multi-informatiedisplay.","Translated"
"1153","After approximately 2 minutes, the wheel set change will complete, the tire pressure warning light will turn off, and a completion message will be displayed on the multi-information display.","Na ongeveer 2 minuten is de wisseling van de wielset voltooid. Het waarschuwingslampje voor de bandenspanning gaat uit en er wordt een voltooiingsmelding weergegeven op het multi-informatiedisplay.","Translated"
"1154","If changing does not complete after approximately 4 minutes, a message indicating that the change could not be completed will be displayed.","Als de wisseling niet wordt voltooid binnen ongeveer 4 minuten, wordt een melding weergegeven die aangeeft dat de wisseling niet kon worden uitgevoerd.","Translated"
"1155","Check which wheel set is installed and perform the change procedure again from the beginning.","Controleer welke wielset is aangebracht, en voer de procedure voor wisselen opnieuw uit vanaf het begin.","Translated"
"1156","If the specified tire inflation pressure of the wheel set installed differs from that of the previous set, it will be necessary to perform the tire inflation pressure setting procedure of the tire pressure warning system. ","Als de gespecificeerde bandenspanning van de aangebrachte wielset verschilt van die van de vorige set, moet u de procedure voor het instellen van de bandenspanning van het waarschuwingssysteem voor de bandenspanning uitvoeren. ","Translated"
"1157","(<NU x=""2"">&amp;rarr;</NU>P.###)","(<NU x=""1"">&amp;rarr;</NU>P.###)",""
"1158","If the specified tire inflation pressure is the same, it will not be necessary to perform the tire inflation pressure setting procedure.","Als de gespecificeerde bandenspanning hetzelfde is, hoeft de procedure voor het instellen van de bandenspanning niet te worden uitgevoerd.","Translated"
"1159","Register the position of each wheel. ","Registreer de positie van elk wiel. ","Translated"
"1160","(<NU x=""2"">&amp;rarr;</NU>P.###)","(<NU x=""1"">&amp;rarr;</NU>P.###)",""
"1161","Replacing:","Verwisselen:","Translated"
"1162","Tires","Banden","Translated"
"1163","Replacing the tire","Een wiel verwisselen","Translated"
"1164","Tires:","Banden:","Translated"
"1165","Replacing","Verwisselen","Translated"
"1166","Replacing the tire","Een wiel verwisselen","Translated"
"1167","When replacing the tires yourself, prepare the necessary tools and a jack.","Als u de banden zelf vervangt, moet u het benodigde gereedschap en een krik klaarleggen.","Translated"
"1168","If necessary tire replacement seems difficult to perform, contact any authorized SUBARU retailer or SUBARU authorized repairer, or any reliable repairer.","Als een wiel moet worden verwisseld maar dit het moeilijk (b)lijkt, neemt u contact op met een erkende SUBARU-dealer, erkende SUBARU-reparateur, of andere betrouwbare reparateur.","Translated"
"1169","Before jacking up the vehicle","Voordat u de auto opkrikt","Translated"
"1170","Stop the vehicle in a safe place on a hard, flat surface.","Breng de auto op een veilige plaats tot stilstand op een hard, vlak oppervlak.","Translated"
"1171","Set the parking brake.","Schakel de parkeerrem in.","Translated"
"1172","Shift the shift position to P.","Schakel versnellingsstand P in.","Translated"
"1173","Turn off the intrusion sensor and tilt sensor (if equipped) ","Schakel de inbraaksensor en kantelsensor uit (indien aanwezig) ","Translated"
"1174","(<NU x=""2"" g=""2"">&amp;rarr;</NU><Tag pos=""Point"" x=""3"" type=""InlineVariable"" g=""3"">&lt;xref type = &quot;P.page&quot; srcfile = &quot;A6790GEtoeuenvhch01.xml#ch01se04040305030603&quot; ref_em = &quot;yes&quot; ref_pm = &quot;yes&quot; ref_fullpm = &quot;yes&quot;/&gt;</Tag>)","(<NU x=""2"" g=""2"">&amp;rarr;</NU><Tag pos=""Point"" x=""3"" type=""InlineVariable"" g=""3"">&lt;xref type = &quot;P.page&quot; srcfile = &quot;A6790GEtoeuenvhch01.xml#ch01se04040305030603&quot; ref_em = &quot;yes&quot; ref_pm = &quot;yes&quot; ref_fullpm = &quot;yes&quot;/&gt;</Tag>)",""
"1175","Turn on the emergency flashers.","Schakel de alarmknipperlichten in.","Translated"
"1176","Stop the EV system.","Stop het EV-systeem.","Translated"
"1177","Turn off the power back door system.","Schakel het systeem van de elektrisch bedienbare bagageklep.","Translated"
"1178","(<NU x=""2"" g=""2"">&amp;rarr;</NU><Tag pos=""Point"" x=""3"" type=""InlineVariable"" g=""3"">&lt;xref type = &quot;P.page&quot; srcfile = &quot;A6790GEtoeuenvhch04.xml#ch04se0204020506&quot;/&gt;</Tag>)","(<NU x=""2"" g=""2"">&amp;rarr;</NU><Tag pos=""Point"" x=""3"" type=""InlineVariable"" g=""3"">&lt;xref type = &quot;P.page&quot; srcfile = &quot;A6790GEtoeuenvhch04.xml#ch04se0204020506&quot;/&gt;</Tag>)",""
"1179","Tools","Gereedschap","Translated"
"1180","As your vehicle is equipped with an emergency tire puncture repair kit, the following tools for replacing a tire are not included with your vehicle. ","Aangezien uw auto is uitgerust met een noodreparatieset voor een lekke band, is het volgende gereedschap voor het verwisselen van een band niet meegeleverd bij uw auto. ","Translated"
"1181","They can be purchased at any authorized SUBARU retailer or SUBARU authorized repairer, or any reliable repairer.","Ze zijn te koop bij een erkende SUBARU-dealer, erkende SUBARU-reparateur, of andere betrouwbare reparateur.","Translated"
"1182","Jack","Krik","Translated"
"1183","Jack handle","Krikhandgreep","Translated"
"1184","Wheel nut wrench","Wielmoersleutel","Translated"
"1185","Wheel nut wrench","Wielmoersleutel","Translated"
"1186","Jack","Krik","Translated"
"1187","Jack handle","Krikhandgreep","Translated"
"1188","Tools","Gereedschap","Translated"
"1189","Location of the tools","Locatie van het gereedschap","Translated"
"1190","<Tag pos=""Point"" x=""3"" type=""InlineImage"">&lt;symbol href = &quot;../common/step_a.eps&quot; width = &quot;4.177mm&quot; height = &quot;4.176mm&quot; xoffset = &quot;0.000mm&quot; yoffset = &quot;0.000mm&quot;/&gt;</Tag>","<Tag pos=""Point"" x=""3"" type=""InlineImage"">&lt;symbol href = &quot;../common/step_a.eps&quot; width = &quot;4.177mm&quot; height = &quot;4.176mm&quot; xoffset = &quot;0.000mm&quot; yoffset = &quot;0.000mm&quot;/&gt;</Tag>",""
"1191","Jack handle","Krikhandgreep","Translated"
"1192","*","*",""
"1193","<Tag pos=""Point"" x=""2"" type=""InlineImage"">&lt;symbol href = &quot;../common/step_b.eps&quot; width = &quot;4.177mm&quot; height = &quot;4.176mm&quot; xoffset = &quot;0.000mm&quot; yoffset = &quot;0.000mm&quot;/&gt;</Tag>","<Tag pos=""Point"" x=""2"" type=""InlineImage"">&lt;symbol href = &quot;../common/step_b.eps&quot; width = &quot;4.177mm&quot; height = &quot;4.176mm&quot; xoffset = &quot;0.000mm&quot; yoffset = &quot;0.000mm&quot;/&gt;</Tag>",""
"1194","Towing eyelet","Sleepoog","Translated"
"1195","<Tag pos=""Point"" x=""2"" type=""InlineImage"">&lt;symbol href = &quot;../common/step_c.eps&quot; width = &quot;4.177mm&quot; height = &quot;4.176mm&quot; xoffset = &quot;0.000mm&quot; yoffset = &quot;0.000mm&quot;/&gt;</Tag>","<Tag pos=""Point"" x=""2"" type=""InlineImage"">&lt;symbol href = &quot;../common/step_c.eps&quot; width = &quot;4.177mm&quot; height = &quot;4.176mm&quot; xoffset = &quot;0.000mm&quot; yoffset = &quot;0.000mm&quot;/&gt;</Tag>",""
"1196","Wheel nut wrench","Wielmoersleutel","Translated"
"1197","*","*",""
"1198","<Tag pos=""Point"" x=""2"" type=""InlineImage"">&lt;symbol href = &quot;../common/step_d.eps&quot; width = &quot;4.177mm&quot; height = &quot;4.176mm&quot; xoffset = &quot;0.000mm&quot; yoffset = &quot;0.000mm&quot;/&gt;</Tag>","<Tag pos=""Point"" x=""2"" type=""InlineImage"">&lt;symbol href = &quot;../common/step_d.eps&quot; width = &quot;4.177mm&quot; height = &quot;4.176mm&quot; xoffset = &quot;0.000mm&quot; yoffset = &quot;0.000mm&quot;/&gt;</Tag>",""
"1199","Jack","Krik","Translated"
"1200","*","*",""
"1201","They can be purchased at any authorized SUBARU retailer or SUBARU authorized repairer, or any reliable repairer.","Ze zijn te koop bij een erkende SUBARU-dealer, erkende SUBARU-reparateur, of andere betrouwbare reparateur.","Translated"
"1202","Using the tire jack","Gebruik van de krik","Translated"
"1203","Observe the following precautions.","Neem de volgende voorzorgsmaatregelen in acht.","Translated"
"1204","Improper use of the tire jack may cause the vehicle to suddenly fall off the jack, leading to death or serious injury.","Een onjuist gebruik van de krik kan ertoe leiden dat de auto plotseling van de krik valt, wat ernstig of dodelijk letsel tot gevolg kan hebben.","Translated"
"1205","Do not use the tire jack for any purpose other than replacing tires or installing and removing tire chains.","Gebruik de krik niet voor andere doeleinden dan het verwisselen van wielen of het aanbrengen en verwijderen van sneeuwkettingen.","Translated"
"1206","Do not use other tire jacks for replacing tires on this vehicle.","Gebruik geen andere krikken voor het verwisselen van de wielen van deze auto.","Translated"
"1207","Put the jack properly in its jack point.","Plaats de krik goed in het krikpunt.","Translated"
"1208","Do not put any part of your body under the vehicle while it is supported by the jack.","Plaats geen lichaamsdelen onder de auto wanneer deze wordt ondersteund door de krik.","Translated"
"1209","Do not start the EV system or drive the vehicle while the vehicle is supported by the jack.","Start het EV-systeem niet en rij niet met de auto terwijl de auto wordt ondersteund door de krik.","Translated"
"1210","Do not raise the vehicle while someone is inside.","Krik de auto niet op als er zich iemand in bevindt.","Translated"
"1211","When raising the vehicle, do not put an object on or under the jack.","Plaats bij het opkrikken van de auto geen voorwerp op of onder de krik.","Translated"
"1212","Do not raise the vehicle to a height greater than that required to replace the tire.","Krik de auto niet verder op dat nodig voor het verwisselen van het wiel.","Translated"
"1213","Use a jack stand if it is necessary to get under the vehicle.","Gebruik een kriksteun als u zich onder de auto moet begeven.","Translated"
"1214","When lowering the vehicle, make sure that there is no-one near the vehicle. ","Zorg wanneer u de auto omlaag brengt, dat er zich niemand in de buurt van de auto bevindt. ","Translated"
"1215","If there are people nearby, warn them vocally before lowering.","Als er zich mensen in de buurt van de auto bevinden, moet u ze waarschuwen voordat u de auto gaat laten zakken.","Translated"
"1216","Replacing a tire","Replacing a tire",""
"1217","Chock the tires.","Breng een wielblok aan.","Translated"
"1218","Tire","Wiel","Translated"
"1219","Wheel chock positions","Positie van wielblok","Translated"
"1220","Front left-hand","Linksvoor","Translated"
"1221","Behind the rear right-hand side tire","Achter het rechterachterwiel","Translated"
"1222","Front right-hand","Rechtsvoor","Translated"
"1223","Behind the rear left-hand side tire","Achter het linkerachterwiel","Translated"
"1224","Rear left-hand","Linksachter","Translated"
"1225","In front of the front right-hand side tire","Vóór het rechtervoorwiel","Translated"
"1226","Rear right-hand","Rechtsachter","Translated"
"1227","In front of the front left-hand side tire","Vóór het linkervoorwiel","Translated"
"1228","Vehicles with 18-inch tires:","Voertuigen met 18”-banden:","Translated"
"1229","Remove the wheel ornament using the wrench.","Verwijder het wieldop met behulp van de sleutel.","Translated"
"1230","To protect the wheel ornament, place a rag between the wrench and the wheel ornament.","Plaats een doek tussen de sleutel en de wieldop om deze te beschermen.","Translated"
"1231","Vehicles with 20-inch tires also have a wheel ornament, but it is not necessary to remove it when replacing a tire.","Vehicles with 20-inch tires also have a wheel ornament, but it is not necessary to remove it when replacing a tire.",""
"1232","Slightly loosen the wheel nuts (one turn).","Draai de wielmoeren iets los (één slag).","Translated"
"1233","Turn the <Tag pos=""Point"" x=""2"" type=""InlineImage"">&lt;symbol href = &quot;../common/step_a.eps&quot; width = &quot;4.177mm&quot; height = &quot;4.176mm&quot; xoffset = &quot;0.000mm&quot; yoffset = &quot;0.000mm&quot;/&gt;</Tag> part of the jack by hand and place the top of the jack in the position shown in the illustration.","Verdraai onderdeel <Tag pos=""Point"" x=""2"" type=""InlineImage"">&lt;symbol href = &quot;../common/step_a.eps&quot; width = &quot;4.177mm&quot; height = &quot;4.176mm&quot; xoffset = &quot;0.000mm&quot; yoffset = &quot;0.000mm&quot;/&gt;</Tag> van de krik met de hand en plaats de bovenkant van de krik in de op de afbeelding weergegeven positie.","Translated"
"1234","Front","Vóór","Translated"
"1235","Rear","Achter","Translated"
"1236","Install the wheel nut wrench in jack handle.","Plaats de wielmoersleutel in de handgreep van de krik.","Translated"
"1237","Raise the vehicle until the tire is slightly raised off the ground.","Krik de auto op tot de band iets van de grond is getild.","Translated"
"1238","Remove all the wheel nuts and the tire.","Verwijder alle wielmoeren en het wiel.","Translated"
"1239","When resting the tire on the ground, place the tire so that the wheel design faces up to avoid scratching the wheel surface.","Als u het wiel op de grond legt, moet de kant van de velg waarop het logo staat, zich aan de bovenkant bevinden, om krassen op het wieloppervlak te voorkomen.","Translated"
"1240","Replacing a flat tire","Een wiel met een lekke band verwisselen","Translated"
"1241","Do not touch the disc wheels or the area around the brakes immediately after the vehicle has been driven.","Raak de schijfwielen en het gebied rondom de remmen niet aan vlak nadat met de auto is gereden.","Translated"
"1242","After the vehicle has been driven the disc wheels and the area around the brakes will be extremely hot. ","Nadat de auto heeft gereden, zijn de schijfwielen en het gebied rondom de remmen zeer heet. ","Translated"
"1243","Touching these areas with hands, feet or other body parts while changing a tire, etc. may result in burns.","Als u deze oppervlakken met uw handen, voeten of andere lichaamsdelen aanraakt tijdens het verwisselen van een wiel e.d., kan dit leiden tot brandwonden.","Translated"
"1244","Failure to follow these precautions could cause the wheel nuts to loosen and the tire to fall off, resulting in death or serious injury.","Als u deze voorzorgsmaatregelen niet opvolgt, kunnen de wielmoeren losraken en het wiel eraf vallen, met ernstig of dodelijk letsel tot gevolg.","Translated"
"1245","Never use oil or grease on the wheel bolts or wheel nuts.","Gebruik nooit olie of smeervet op de wielbouten of wielmoeren.","Translated"
"1246","Oil and grease may cause the wheel nuts to be excessively tightened, leading to bolt or disc wheel damage. ","Olie en smeervet kunnen ertoe leiden dat de wielmoeren te strak worden aangehaald, wat kan resulteren in schade aan de bout of het schijfwiel. ","Translated"
"1247","Remove any oil or grease that has adhered when installing the wheel nuts.","Verwijder eventuele olie of vet dat zich heeft vastgezet bij het monteren van de wielmoeren.","Translated"
"1248","After replacing a tire, check the tightening torque as soon as possible. ","Controleer na het vervangen van een band zo snel mogelijk het aandraaimoment. ","Translated"
"1249","If you cannot confirm the tightening torque yourself, have the vehicle inspected by any authorized SUBARU retailer or SUBARU authorized repairer, or any reliable repairer.","Als u het aandraaimoment zelf niet kunt controleren, laat u de auto inspecteren door een erkende SUBARU-dealer, erkende SUBARU-reparateur, of andere betrouwbare reparateur.","Translated"
"1250","Do not attach a heavily damaged wheel ornament, as it may fly off the wheel while the vehicle is moving.","Bevestig geen zwaar beschadigde wieldop, aangezien deze tijdens het rijden van het wiel kan losschieten.","Translated"
"1251","When installing a tire, only use wheel nuts that have been specifically designed for that wheel.","Gebruik bij het monteren van een band uitsluitend wielmoeren die specifiek voor dat wiel zijn ontworpen.","Translated"
"1252","If there are any cracks or deformations in the bolt screws, nut threads or bolt holes of the wheel, have the vehicle inspected by any authorized SUBARU retailer or SUBARU authorized repairer, or any reliable repairer.","Als er scheuren of vervormingen zijn in de boutschroeven, moerschroefdraad of boutgaten van het wiel, laat u de auto inspecteren door een erkende SUBARU-dealer, erkende SUBARU-reparateur, of andere betrouwbare reparateur.","Translated"
"1253","In cases such as when replacing tires, make sure to turn off the power back door main switch (<NU x=""5"">&amp;rarr;</NU>P.###). ","In cases such as when replacing tires, make sure to turn off the power back door main switch (<NU x=""5"">&amp;rarr;</NU>P.###). ",""
"1254","Failure to do so may cause the back door to operate unintentionally if the power back door switch is accidentally touched, resulting in hands and fingers being caught and injured.","Failure to do so may cause the back door to operate unintentionally if the power back door switch is accidentally touched, resulting in hands and fingers being caught and injured.",""
"1255","Installing the tire","Aanbrengen van het wiel","Translated"
"1256","Remove any dirt or foreign matter from the wheel contact surface.","Verwijder vuil en vreemde voorwerpen van het contactvlak van het wiel.","Translated"
"1257","If foreign matter is on the wheel contact surface, the wheel nuts may loosen while the vehicle is in motion, causing the tire to come off.","Als er vreemde voorwerpen op het contactvlak van het wiel zitten, kunnen de wielbouten losraken tijdens het rijden, waardoor de band kan loskomen.","Translated"
"1258","Install the tire and loosely tighten each wheel nut by hand by approximately the same amount.","Plaats de band en draai elke wielmoer met de hand losjes en gelijkmatig vast.","Translated"
"1259","Turn the wheel nuts until the washers <Tag pos=""Point"" x=""1"" type=""InlineImage"">&lt;symbol href = &quot;../common/step_a.eps&quot; width = &quot;4.177mm&quot; height = &quot;4.176mm&quot; xoffset = &quot;0.000mm&quot; yoffset = &quot;0.000mm&quot;/&gt;</Tag> come into contact with the disc wheel <Tag pos=""Point"" x=""2"" type=""InlineImage"">&lt;symbol href = &quot;../common/step_b.eps&quot; width = &quot;4.177mm&quot; height = &quot;4.176mm&quot; xoffset = &quot;0.000mm&quot; yoffset = &quot;0.000mm&quot;/&gt;</Tag>.","Draai de wielmoeren aan totdat de ringen de velg raken.",""
"1260","<Tag pos=""Point"" x=""3"" type=""InlineImage"">&lt;symbol href = &quot;../common/step_a.eps&quot; width = &quot;4.177mm&quot; height = &quot;4.176mm&quot; xoffset = &quot;0.000mm&quot; yoffset = &quot;0.000mm&quot;/&gt;</Tag>","<Tag pos=""Point"" x=""3"" type=""InlineImage"">&lt;symbol href = &quot;../common/step_a.eps&quot; width = &quot;4.177mm&quot; height = &quot;4.176mm&quot; xoffset = &quot;0.000mm&quot; yoffset = &quot;0.000mm&quot;/&gt;</Tag>",""
"1261","Washer","Washer",""
"1262","<Tag pos=""Point"" x=""2"" type=""InlineImage"">&lt;symbol href = &quot;../common/step_b.eps&quot; width = &quot;4.177mm&quot; height = &quot;4.176mm&quot; xoffset = &quot;0.000mm&quot; yoffset = &quot;0.000mm&quot;/&gt;</Tag>","<Tag pos=""Point"" x=""2"" type=""InlineImage"">&lt;symbol href = &quot;../common/step_b.eps&quot; width = &quot;4.177mm&quot; height = &quot;4.176mm&quot; xoffset = &quot;0.000mm&quot; yoffset = &quot;0.000mm&quot;/&gt;</Tag>",""
"1263","Disc wheel","Schijfwiel","Translated"
"1264","Lower the vehicle.","Laat de auto zakken.","Translated"
"1265","Securely tighten the wheel nuts two or three times in the order shown in the illustration using a wheel nut wrench.","Draai de wielmoeren twee of drie keer stevig vast in de volgorde van de afbeelding met een wielmoersleutel.","Translated"
"1266","Tightening torque:","Aanhaalkoppel:","Translated"
"1267","103 N•m (10.5 kgf•m,76 ft•lbf)","103 N•m (10,5 kp•m)","Translated"
"1268","Stow all the tools.","Berg al het gereedschap op.","Translated"
"1269","Vehicles with 18-inch tires: ","Voertuigen met 18”-banden: ","Translated"
"1270","When reinstalling the wheel ornament","Bij het terugplaatsen van de wieldop","Translated"
"1271","Align the cutout of the wheel ornament with the valve stem as shown in the illustration.","Lijn de uitsparing van de wieldop uit met het ventiel zoals weergegeven in de afbeelding.","Translated"
"1272","Tires:","Banden:","Translated"
"1273","Inflation pressure","Bandenspanning","Translated"
"1274","Tire inflation pressure","Bandenspanning","Translated"
"1275","Make sure to maintain proper tire inflation pressure. ","Houd de banden op de juiste spanning. ","Translated"
"1276","Tire inflation pressure should be checked at least once per month. ","Controleer de bandenspanning minstens één keer per maand. ","Translated"
"1277","However, SUBARU recommends that tire inflation pressure be checked once every two weeks.","SUBARU adviseert echter de bandenspanning één keer in de twee weken te controleren.","Translated"
"1278","Effects of incorrect tire inflation pressure","Effecten van onjuiste bandenspanning","Translated"
"1279","Driving with incorrect tire inflation pressure may result in the following:","Rijden met een onjuiste bandenspanning kan leiden tot het volgende:","Translated"
"1280","Reduced electricity consumption efficiency","Hoger elektriciteitsverbruik","Translated"
"1281","Reduced driving comfort and poor handling","Verminderd rijcomfort en slechte rijeigenschappen","Translated"
"1282","Reduced tire life due to wear","Meer slijtage en kortere levensduur van de banden","Translated"
"1283","Reduced safety","Verminderde veiligheid","Translated"
"1284","Damage to the drive train","Schade aan de aandrijflijn","Translated"
"1285","If a tire needs frequent inflating, have it checked by any authorized SUBARU retailer or SUBARU authorized repairer, or any reliable repairer.","Als een band vaak moet worden opgepompt, laat u deze inspecteren door een erkende SUBARU-dealer, erkende SUBARU-reparateur, of andere betrouwbare reparateur.","Translated"
"1286","Instructions for checking tire inflation pressure","Instructies voor het controleren van de bandenspanning","Translated"
"1287","When checking tire inflation pressure, observe the following:","Neem bij het controleren van de bandenspanning het volgende in acht:","Translated"
"1288","Check only when the tires are cold.","Voer de controle alleen uit bij koude banden.","Translated"
"1289","If your vehicle has been parked for at least 3 hours or has not been driven for more than 1.5 km or 1 mile, you will get an accurate cold tire inflation pressure reading.","Als uw auto minimaal 3 uur geparkeerd heeft gestaan of niet meer dan 1,5 km of 1 mijl heeft gereden, krijgt u een nauwkeurige bandenspanningswaarde voor koude banden.","Translated"
"1290","Always use a tire pressure gauge.","Gebruik altijd een manometer.","Translated"
"1291","It is difficult to judge if a tire is properly inflated based only on its appearance.","Het is moeilijk om alleen op het oog te beoordelen of een band juist is opgepompt.","Translated"
"1292","It is normal for the tire inflation pressure to be higher after driving as heat is generated in the tire. ","Het is normaal dat de bandenspanning hoger is na het rijden, aangezien er warmte wordt gegenereerd in de band. ","Translated"
"1293","Do not reduce tire inflation pressure after driving.","Verlaag de bandenspanning niet na het rijden.","Translated"
"1294","Passengers and luggage weight should be placed so that the vehicle is balanced.","Passagiers en bagage moeten zodanig worden geplaatst, dat de auto in balans is.","Translated"
"1295","Proper inflation is critical to save tire performance","Een goede bandenspanning is essentieel om te zorgen dat de banden goed blijven presteren","Translated"
"1296","Keep your tires properly inflated.","Houd de banden op de juiste spanning.","Translated"
"1297","If the tires are not properly inflated, the following conditions may occur which could lead to an accident resulting in death or serious injury:","Als de banden niet goed zijn opgepompt, kunnen zich de volgende zaken voordoen, die kunnen leiden tot een ongeval met ernstig of dodelijk letsel tot gevolg:","Translated"
"1298","Excessive wear","Overmatige slijtage","Translated"
"1299","Uneven wear","Ongelijkmatige slijtage","Translated"
"1300","Poor handling","Slechte rijeigenschappen","Translated"
"1301","Possibility of blowouts resulting from overheated tires","Risico op klapbanden door oververhitting","Translated"
"1302","Air leaking from between tire and wheel","Luchtlekkage tussen de band en de velg","Translated"
"1303","Wheel deformation and/or tire damage","Vervorming van de wielen en/of schade aan de banden","Translated"
"1304","Greater possibility of tire damage while driving (due to road hazards, expansion joints, sharp edges in the road, etc.)","Groter risico op schade aan de banden tijdens het rijden (door voorwerpen op de weg, voegovergangen, scherpe wegranden, enz.)","Translated"
"1305","When inspecting and adjusting tire inflation pressure","Bij het controleren en aanpassen van de bandenspanning","Translated"
"1306","Be sure to put the tire valve caps back on.","Plaats de ventieldoppen terug.","Translated"
"1307","If a valve cap is not installed, dirt or moisture may get into the valve and cause an air leak, resulting in decreased tire inflation pressure.","Als geen ventielkop is aangebracht, kan vuil of vocht in het ventiel terechtkomen en leiden tot luchtlekkage, en daarmee een afname van de bandenspanning.","Translated"
"1308","Wheels:","Velgen:","Translated"
"1309","Replacing wheels","Velgen vervangen","Translated"
"1310","Wheels","Velgen","Translated"
"1311","Wheels","Velgen","Translated"
"1312","If a wheel is bent, cracked or heavily corroded, it should be replaced. ","Als een velg is gebogen, gebarsten of ernstig is gecorrodeerd, moet hij worden vervangen. ","Translated"
"1313","Otherwise, the tire may separate from the wheel or cause a loss of handling control.","Als u dit niet doet, kan dit ertoe leiden dat de band van de velg loopt, of dat u de auto minder goed onder controle hebt.","Translated"
"1314","Wheel selection","Velgen kiezen","Translated"
"1315","When replacing wheels, care should be taken to ensure that they are equivalent to those removed in load capacity, diameter, rim width and inset<Tag pos=""Begin"" i=""2"" x=""2"" type=""Inline"">&lt;sup&gt;</Tag>*<Tag pos=""End"" i=""2"" type=""Inline"">&lt;/sup&gt;</Tag>.","Let er bij het vervangen van velgen op dat u velgen gebruikt die qua draagvermogen, diameter, velgbreedte en ET-waarde<Tag pos=""Begin"" i=""2"" x=""2"" type=""Inline"">&lt;sup&gt;</Tag>*<Tag pos=""End"" i=""2"" type=""Inline"">&lt;/sup&gt;</Tag> gelijk zijn aan de verwijderde velgen.","Translated"
"1316","Replacement wheels are available at any authorized SUBARU retailer or SUBARU authorized repairer, or any reliable repairer.","Vervangingsvelgen zijn verkrijgbaar bij een erkende SUBARU-dealer, erkende SUBARU-reparateur, of andere betrouwbare reparateur.","Translated"
"1317","Conventionally referred to as offset.","In de volksmond ook wel “wielverstelling” of “offset” genoemd.","Translated"
"1318","SUBARU does not recommend using the following:","Het gebruik van het volgende wordt afgeraden door SUBARU:","Translated"
"1319","Wheels of different sizes or types","Velgen met verschillende maten of van verschillende types","Translated"
"1320","Used wheels","Gebruikte velgen","Translated"
"1321","Bent wheels that have been straightened","Velgen die zijn rechtgebogen na verbuiging","Translated"
"1322","When replacing wheels","Bij het vervangen van velgen","Translated"
"1323","The wheels of your vehicle are equipped with tire pressure warning valves and transmitters that allow the tire pressure warning system to provide advance warning in the event of a loss in tire inflation pressure. ","De wielen van uw auto zijn uitgerust met ventielen en zenders voor waarschuwing voor de bandenspanning, die het waarschuwingssysteem voor de bandenspanning in staat stellen vroegtijdig te waarschuwen voor een afname van de bandenspanning. ","Translated"
"1324","Whenever wheels are replaced, tire pressure warning valves and transmitters must be installed. ","Wanneer u velgen vervangt, moet u ventielen en zenders voor waarschuwing voor de bandenspanning aanbrengen op de nieuwe velgen. ","Translated"
"1325","(<NU x=""1"">&amp;rarr;</NU>P.###)","(<NU x=""1"">&amp;rarr;</NU>P.###)",""
"1326","When replacing wheels","Bij het vervangen van velgen","Translated"
"1327","Do not use wheels that are a different size from those recommended in the Owner’s Manual, as this may result in a loss of handling control.","Gebruik geen velgen met een andere maat dan aanbevolen in de gebruikershandleiding, aangezien dit ertoe kan leiden dat u de auto minder goed onder controle hebt.","Translated"
"1328","Never use an inner tube in a leaking wheel which is designed for a tubeless tire. ","Breng nooit een binnenband aan in een velg die is bedoeld voor een tubeless band. ","Translated"
"1329","Doing so may result in an accident, causing death or serious injury.","Als u dit doet, kan dit leiden tot een ongeval, met ernstig of dodelijk letsel tot gevolg.","Translated"
"1330","When installing the wheel nuts","Bij het monteren van de wielmoeren","Translated"
"1331","Never use oil or grease on the wheel bolts or wheel nuts. ","Gebruik nooit olie of smeervet op de wielbouten of wielmoeren. ","Translated"
"1332","Oil and grease may cause the wheel nuts to be excessively tightened, leading to bolt or disc wheel damage.","Olie en smeervet kunnen ertoe leiden dat de wielmoeren te strak worden aangehaald, wat kan resulteren in schade aan de bout of het schijfwiel.","Translated"
"1333","In addition, the oil or grease can cause the wheel nuts to loosen and the wheel may fall off, causing an accident and resulting in death or serious injury. ","Daarnaast kunnen olie en smeervet ertoe leiden dat de wielmoeren losraken en het wiel kan vallen, wat tot een ongeval kan leiden met de dood of ernstig letsel tot gevolg. ","Translated"
"1334","Remove any oil or grease from the wheel bolts or wheel nuts.","Verwijder eventuele olie en eventueel smeervet van de wielbouten of wielmoeren.","Translated"
"1335","Use of defective wheels prohibited","Het gebruik van defecte velgen is verboden","Translated"
"1336","Do not use cracked or deformed wheels.","Gebruik geen gescheurde of vervormde velgen.","Translated"
"1337","Doing so could cause the tire to leak air during driving, possibly causing an accident.","Als u dit doet, kan de band lucht lekken tijdens het rijden, wat tot een ongeval kan leiden.","Translated"
"1338","Replacing tire pressure warning valves and transmitters","Ventielen en zenders voor waarschuwing voor de bandenspanning vervangen","Translated"
"1339","Because tire repair or replacement may affect the tire pressure warning valves and transmitters, make sure to have tires serviced by any authorized SUBARU retailer or SUBARU authorized repairer, or any reliable repairer or other qualified service shop. ","Aangezien reparatie en vervanging van banden van invloed kan zijn op de ventielen en zenders voor waarschuwing voor de bandenspanning, moet u de banden laten nakijken door een erkende SUBARU-dealer, erkende SUBARU-reparateur, of andere betrouwbare servicewerkplaats. ","Translated"
"1340","In addition, make sure to purchase your tire pressure warning valves and transmitters at any authorized SUBARU retailer or SUBARU authorized repairer, or any reliable repairer.","Koop daarnaast uw ventielen en zenders voor waarschuwing voor de bandenspanning altijd bij een erkende SUBARU-dealer, erkende SUBARU-reparateur, of andere betrouwbare reparateur.","Translated"
"1341","Ensure that only genuine SUBARU wheels are used on your vehicle.","Zorg dat alleen originele SUBARU-velgen worden gebruikt op uw auto.","Translated"
"1342","Tire pressure warning valves and transmitters may not work properly with non-genuine wheels.","De ventielen en zenders voor waarschuwing voor de bandenspanning werken mogelijk niet naar behoren bij niet-originele velgen.","Translated"
"1343","Aluminum wheel precautions","Voorzorgsmaatregelen voor aluminium velgen","Translated"
"1344","Use only SUBARU wheel nuts and wheel nut wrenches designed for use with your aluminum wheels.","Gebruik alleen wielmoeren en wielmoersleutels van SUBARU die zijn ontworpen voor gebruik met uw aluminium velgen.","Translated"
"1345","When rotating, repairing or changing your tires, check that the wheel nuts are still tight after driving 1600 km (1000 miles).","Controleer na het omwisselen, repareren of vervangen van uw banden na 1600 km rijden of de wielmoeren nog goed vastzitten.","Translated"
"1346","Be careful not to damage the aluminum wheels when using tire chains.","Pas op dat u de aluminium velgen niet beschadigt bij het gebruik van sneeuwkettingen.","Translated"
"1347","Use only SUBARU genuine balance weights or equivalent and a plastic or rubber hammer when balancing your wheels.","Gebruik voor het balanceren van uw wielen alleen originele balansgewichten van SUBARU of een equivalent hiervan, en een kunststoffen of rubberen hamer.","Translated"
"1348","A/C:","Airco:","Translated"
"1349","Air conditioning filter","Aircofilter","Translated"
"1350","Air conditioning filter","Aircofilter","Translated"
"1351","Air conditioning system:","Aircosysteem:","Translated"
"1352","Air conditioning filter","Aircofilter","Translated"
"1353","Automatic air conditioning system:","Automatisch aircosysteem:","Translated"
"1354","Air conditioning filter","Aircofilter","Translated"
"1355","Air conditioning filter","Aircofilter","Translated"
"1356","The air conditioning filter must be changed regularly to maintain air conditioning efficiency.","Het aircofilter moet regelmatig worden vervangen om te zorgen dat de airco efficiënt blijft werken.","Translated"
"1357","Removing the air conditioning filter","Het aircofilter verwijderen","Translated"
"1358","Turn the power switch off.","Zet het contact uit.","Translated"
"1359","Confirm that the charging connector is not connected.","Controleer of de laadaansluiting niet in gebruik is.","Translated"
"1360","Open the front passenger’s door.","Open het passagiersportier vóór.","Translated"
"1361","While pressing the claw, hold handle <Tag pos=""Point"" x=""2"" type=""InlineImage"">&lt;symbol href = &quot;../common/step_a.eps&quot; width = &quot;4.177mm&quot; height = &quot;4.176mm&quot; xoffset = &quot;0.000mm&quot; yoffset = &quot;0.000mm&quot;/&gt;</Tag> and remove the panel.","Houd de klauw ingedrukt, pak de handgreep <Tag pos=""Point"" x=""2"" type=""InlineImage"">&lt;symbol href = &quot;../common/step_a.eps&quot; width = &quot;4.177mm&quot; height = &quot;4.176mm&quot; xoffset = &quot;0.000mm&quot; yoffset = &quot;0.000mm&quot;/&gt;</Tag> vast en verwijder het paneel.","Translated"
"1362","Unplug the connector.","Koppel de connector los.","Translated"
"1363","Unlock the filter cover (<Tag pos=""Point"" x=""2"" type=""InlineImage"">&lt;symbol href = &quot;../common/step_a.eps&quot; width = &quot;4.177mm&quot; height = &quot;4.176mm&quot; xoffset = &quot;0.000mm&quot; yoffset = &quot;0.000mm&quot;/&gt;</Tag>), pull the filter cover out of the claws (<Tag pos=""Point"" x=""3"" type=""InlineImage"">&lt;symbol href = &quot;../common/step_b.eps&quot; width = &quot;4.177mm&quot; height = &quot;4.176mm&quot; xoffset = &quot;0.000mm&quot; yoffset = &quot;0.000mm&quot;/&gt;</Tag>), and remove the filter cover.","Ontgrendel de filterkap (<Tag pos=""Point"" x=""2"" type=""InlineImage"">&lt;symbol href = &quot;../common/step_a.eps&quot; width = &quot;4.177mm&quot; height = &quot;4.176mm&quot; xoffset = &quot;0.000mm&quot; yoffset = &quot;0.000mm&quot;/&gt;</Tag>), trek de filterkap uit de klauwen (<Tag pos=""Point"" x=""3"" type=""InlineImage"">&lt;symbol href = &quot;../common/step_b.eps&quot; width = &quot;4.177mm&quot; height = &quot;4.176mm&quot; xoffset = &quot;0.000mm&quot; yoffset = &quot;0.000mm&quot;/&gt;</Tag>), en verwijder de filterkap.","Translated"
"1364","Hold the filter case <Tag pos=""Point"" x=""2"" type=""InlineImage"">&lt;symbol href = &quot;../common/step_a.eps&quot; width = &quot;4.177mm&quot; height = &quot;4.176mm&quot; xoffset = &quot;0.000mm&quot; yoffset = &quot;0.000mm&quot;/&gt;</Tag> and remove the lower filter case.","Houd de filterkap <Tag pos=""Point"" x=""2"" type=""InlineImage"">&lt;symbol href = &quot;../common/step_a.eps&quot; width = &quot;4.177mm&quot; height = &quot;4.176mm&quot; xoffset = &quot;0.000mm&quot; yoffset = &quot;0.000mm&quot;/&gt;</Tag> vast en verwijder het onderste filterhuis.","Translated"
"1365","Hold the filter case <Tag pos=""Point"" x=""2"" type=""InlineImage"">&lt;symbol href = &quot;../common/step_a.eps&quot; width = &quot;4.177mm&quot; height = &quot;4.176mm&quot; xoffset = &quot;0.000mm&quot; yoffset = &quot;0.000mm&quot;/&gt;</Tag> and pull down the upper filter case.","Houd de filterkap <Tag pos=""Point"" x=""2"" type=""InlineImage"">&lt;symbol href = &quot;../common/step_a.eps&quot; width = &quot;4.177mm&quot; height = &quot;4.176mm&quot; xoffset = &quot;0.000mm&quot; yoffset = &quot;0.000mm&quot;/&gt;</Tag> vast en trek het bovenste filterhuis omlaag.","Translated"
"1366","Hold the filter case <Tag pos=""Point"" x=""2"" type=""InlineImage"">&lt;symbol href = &quot;../common/step_a.eps&quot; width = &quot;4.177mm&quot; height = &quot;4.176mm&quot; xoffset = &quot;0.000mm&quot; yoffset = &quot;0.000mm&quot;/&gt;</Tag> and remove the upper filter case.","Houd de filterkap <Tag pos=""Point"" x=""2"" type=""InlineImage"">&lt;symbol href = &quot;../common/step_a.eps&quot; width = &quot;4.177mm&quot; height = &quot;4.176mm&quot; xoffset = &quot;0.000mm&quot; yoffset = &quot;0.000mm&quot;/&gt;</Tag> vast en verwijder het bovenste filterhuis.","Translated"
"1367","Dust and dirt (fallen leaves, etc.) may have accumulated within the bottom of the air conditioning unit, so remove it with a vacuum cleaner.","Stof en vuil (gevallen bladeren, enz.) kunnen zich in de bodem van de airco hebben opgehoopt. Verwijder dit daarom met een stofzuiger.","Translated"
"1368","Remove the air conditioning filter from the upper and lower filter case and replace it with a new one.","Verwijder het aircofilter uit het bovenste en onderste filterhuis en vervang het door een nieuw.","Translated"
"1369","Install so that the arrow points to the rear of the vehicle.","Breng het zodanig aan dat de pijlen naar de achterkant van de auto wijzen.","Translated"
"1370","When installing, reverse the steps listed.","Volg bij het aanbrengen de stappen in omgekeerde volgorde.","Translated"
"1371","When installing the filter cover","Bij het aanbrengen van de filterkap","Translated"
"1372","Slide the recessed part <Tag pos=""Point"" x=""1"" type=""InlineImage"">&lt;symbol href = &quot;../common/step_a.eps&quot; width = &quot;4.177mm&quot; height = &quot;4.176mm&quot; xoffset = &quot;0.000mm&quot; yoffset = &quot;0.000mm&quot;/&gt;</Tag> of the filter cover on the upper surface of the upper filter case <Tag pos=""Point"" x=""2"" type=""InlineImage"">&lt;symbol href = &quot;../common/step_b.eps&quot; width = &quot;4.177mm&quot; height = &quot;4.176mm&quot; xoffset = &quot;0.000mm&quot; yoffset = &quot;0.000mm&quot;/&gt;</Tag> as shown in the figure, and attach it so that it is lifted toward the insertion part of the cover attachment.","Schuif het verzonken gedeelte <Tag pos=""Point"" x=""1"" type=""InlineImage"">&lt;symbol href = &quot;../common/step_a.eps&quot; width = &quot;4.177mm&quot; height = &quot;4.176mm&quot; xoffset = &quot;0.000mm&quot; yoffset = &quot;0.000mm&quot;/&gt;</Tag> van de filterkap op het bovenste oppervlak van het bovenste filterhuis <Tag pos=""Point"" x=""2"" type=""InlineImage"">&lt;symbol href = &quot;../common/step_b.eps&quot; width = &quot;4.177mm&quot; height = &quot;4.176mm&quot; xoffset = &quot;0.000mm&quot; yoffset = &quot;0.000mm&quot;/&gt;</Tag>, zoals weergegeven op de afbeelding, en zet het zodanig vast dat het naar het ingestoken gedeelte van de kapbevestiging wordt geheven.","Translated"
"1373","Left-hand drive vehicles","Auto’s met stuur links","Translated"
"1374","Right-hand drive vehicles","Auto’s met stuur rechts","Translated"
"1375","Checking interval","Controle-interval","Translated"
"1376","Inspect and replace the air conditioning filter according to the maintenance schedule (<NU x=""1"" g=""2"">&amp;rarr;</NU><Tag pos=""Point"" x=""2"" type=""InlineVariable"" g=""3"">&lt;xref refid = &quot;ch07se020402&quot; type = &quot;P.page&quot;/&gt;</Tag>). ","Inspect and replace the air conditioning filter according to the maintenance schedule (<NU x=""1"" g=""2"">&amp;rarr;</NU><Tag pos=""Point"" x=""2"" type=""InlineVariable"" g=""3"">&lt;xref refid = &quot;ch07se020402&quot; type = &quot;P.page&quot;/&gt;</Tag>). ",""
"1377","In dusty areas or areas with heavy traffic flow, early replacement may be required.","In stoffige gebieden of gebieden met veel verkeer, is mogelijk vroegtijdige vervanging nodig.","Translated"
"1378","If air flow from the vents decreases dramatically","Als de luchtstroom uit de roosters drastisch afneemt","Translated"
"1379","The filter may be clogged. ","Mogelijk is het filter verstopt. ","Translated"
"1380","Check the filter and replace if necessary.","Controleer het filter en vervang het zo nodig.","Translated"
"1381","When replacing the air conditioning filter","Bij het vervangen van het aircofilter","Translated"
"1382","Observe the following precautions. ","Neem de volgende voorzorgsmaatregelen in acht. ","Translated"
"1383","Failure to do so may result in the air conditioning system operating during the procedure, possibly resulting in injury.","Als u dit niet doet, kan dit ertoe leiden dat het aircosysteem tijdens de procedure wordt geactiveerd, wat kan leiden tot letsel.","Translated"
"1384","Check that the charging connector is not connected.","Controleer of de laadaansluiting niet in gebruik is.","Translated"
"1385","When using the air conditioning system","Bij gebruik van het aircosysteem","Translated"
"1386","Make sure that a filter is always installed.","Zorg dat er altijd een filter is aangebracht.","Translated"
"1387","Using the air conditioning system without a filter may cause damage to the system.","Als u het aircosysteem zonder filter gebruikt, kan dit leiden tot schade aan het systeem.","Translated"
"1388","The filter is replaceable. ","Het filter kan worden vervangen. ","Translated"
"1389","When cleaning the filter, do not clean with water or an air gun.","Wanneer u het filter schoonmaakt, mag u dit niet doen met water of een persluchtpistool.","Translated"
"1390","To prevent damage to the filter cover","Om schade aan de filterkap te voorkomen","Translated"
"1391","When moving the filter cover in the direction of arrow to release the fitting, pay attention not to apply excessive force to the claws. ","Wanneer u de filterkap in de richting van de pijl beweegt om de aansluiting los te nemen, moet u oppassen dat u niet te veel kracht uitoefent op de klauwen. ","Translated"
"1392","Otherwise, the claws may be damaged.","De klauwen kunnen anders beschadigd raken.","Translated"
"1393","Electronic key:","Elektronische sleutel:","Translated"
"1394","Replacing the battery","Vervangen van de batterij","Translated"
"1395","Keys:","Sleutels:","Translated"
"1396","Replacing the battery","Vervangen van de batterij","Translated"
"1397","Replacing:","Verwisselen:","Translated"
"1398","Electronic key battery","Batterij van de elektronische sleutel","Translated"
"1399","Wireless remote control:","Draadloze afstandsbediening:","Translated"
"1400","Replacing the battery","Vervangen van de batterij","Translated"
"1401","Electronic key battery","Batterij van de elektronische sleutel","Translated"
"1402","Replace the battery with a new one if it is depleted.","Vervang de batterij door een nieuwe als hij leeg is.","Translated"
"1403","As the key may be damaged if the following procedure is not performed properly, it is recommended that key battery replacement be performed by any authorized SUBARU retailer or SUBARU authorized repairer, or any reliable repairer.","Aangezien de sleutel beschadigd kan raken als de volgende procedure niet correct wordt uitgevoerd, is het aanbevolen om de batterij te laten vervangen door een erkende SUBARU-dealer, erkende SUBARU-reparateur, of andere betrouwbare reparateur.","Translated"
"1404","If the key battery is depleted","If the key battery is depleted",""
"1405","The following symptoms may occur:","De volgende symptomen kunnen zich voordoen:","Translated"
"1406","The smart entry &amp; start system and wireless remote control will not function properly.","Smart Entry met startsysteem ende draadloze afstandsbediening werken niet naar behoren.","Translated"
"1407","The operational range will be reduced.","Het werkbereik is verminderd.","Translated"
"1408","Items to prepare","Wat u moet klaarleggen","Translated"
"1409","Prepare the following before replacing the battery:","Leg het volgende klaar voordat u de batterij gaat vervangen:","Translated"
"1410","Flathead screwdriver","Platte schroevendraaier","Translated"
"1411","Small flathead screwdriver","Kleine platte schroevendraaier","Translated"
"1412","Lithium battery CR2032","Lithiumbatterij CR2032","Translated"
"1413","Use a CR2032 lithium battery","Gebruik een CR2032-lithiumbatterij","Translated"
"1414","Batteries can be purchased at any authorized SUBARU retailer or SUBARU authorized repairer, or any reliable repairer, local electrical appliance shops or camera stores.","Batterijen zijn te koop bij een erkende SUBARU-dealer, erkende SUBARU-reparateur, andere betrouwbare reparateur, elektronicawinkel of camerawinkel.","Translated"
"1415","Replace only with the same or equivalent type recommended by the manufacturer.","Gebruik alleen hetzelfde type of een door de fabrikant aanbevolen equivalent type.","Translated"
"1416","Dispose of used batteries according to the local laws.","Voer gebruikte batterijen af conform de ter plaatse geldende wetgeving.","Translated"
"1417","Replacing the battery","Vervangen van de batterij","Translated"
"1418","Remove the lock and take out the mechanical key.","Verwijder de vergrendeling en neem de mechanische sleutel uit.","Translated"
"1419","Remove the cover.","Verwijder de afscherming.","Translated"
"1420","Use a screwdriver of an appropriate size. ","Gebruik een schroevendraaier met een geschikte maat. ","Translated"
"1421","Forcedly prying may cause the cover damaged.","Het deksel kan beschadigd raken door geforceerd wrikken.","Translated"
"1422","To prevent damage to the key, cover the tip of the flathead screwdriver with a tape.","Om schade aan de sleutel te voorkomen, dekt u het uiteinde van de platte schroevendraaier af met tape.","Translated"
"1423","Remove the depleted battery using a small flathead screwdriver.","Verwijder de lege batterij met een kleine platte schroevendraaier.","Translated"
"1424","When removing the cover, the electronic key module may stick to the cover and the battery may not be visible.","Bij het verwijderen van het deksel kan de elektronischesleutelmodule aan het deksel blijven plannen, waardoor de batterij mogelijk niet zichtbaar is.","Translated"
"1425","In this case, remove the electronic key module in order to remove the battery.","Verwijder in dat geval de elektronischesleutelmodule om de batterij te verwijderen.","Translated"
"1426","When removing the battery, use a screwdriver of an appropriate size.","Gebruik bij het verwijderen van de batterij een schroevendraaier met een geschikte maat.","Translated"
"1427","Insert a new battery with the “<Tag pos=""Point"" x=""1"" type=""Inline"">&lt;function&gt;+&lt;/function&gt;</Tag>” terminal facing up.","Breng een nieuwe batterij aan met de “<Tag pos=""Point"" x=""1"" type=""Inline"">&lt;function&gt;+&lt;/function&gt;</Tag>”-pool naar boven.","Translated"
"1428","When installing, reverse the steps listed.","Volg bij het aanbrengen de stappen in omgekeerde volgorde.","Translated"
"1429","Child safety:","Veiligheid van kinderen:","Translated"
"1430","Removed key battery precautions","Voorzorgsmaatregelen na verwijdering van de sleutelbatterij","Translated"
"1431","Battery precautions","Voorzorgsmaatregelen voor de batterij","Translated"
"1432","Observe the following precautions. ","Neem de volgende voorzorgsmaatregelen in acht. ","Translated"
"1433","Failure to do so may result in death or serious injury.","Als u dit niet doet, kan dit leiden tot ernstig of dodelijk letsel.","Translated"
"1434","Do not swallow the battery. ","Slik de batterij niet in. ","Translated"
"1435","Doing so may cause chemical burns.","Dit kan leiden tot chemische brandwonden.","Translated"
"1436","A coin battery or button battery is used in the electronic key. ","Als een knoopcel wordt gebruikt in de elektronische sleutel. ","Translated"
"1437","If a battery is swallowed, it may cause severe chemical burns in as little as 2 hours and may result in death or serious injury.","Als een batterij wordt ingeslikt, kan dit binnen slechts 2 uur leiden tot ernstige chemische brandwonden, met ernstig letsel of de dood tot gevolg.","Translated"
"1438","Keep away new and removed batteries from children.","Houd nieuwe en verwijderde batterijen buiten bereik van kinderen.","Translated"
"1439","If the cover cannot be firmly closed, stop using the electronic key and stow the key in the place where children cannot reach, and then contact any authorized SUBARU retailer or SUBARU authorized repairer, or any reliable repairer.","Als het deksel niet goed kan worden gesloten, gebruikt u de elektronische sleutel niet meer, bergt u hem buiten het bereik van kinderen op, en neemt u contact op met een erkende SUBARU-dealer, erkende SUBARU-reparateur, of andere erkende reparateur.","Translated"
"1440","If you accidentally swallow a battery or put a battery into a part of your body, get emergency medical attention immediately.","Als u per ongeluk een batterij inslikt of een batterij in uw lichaam stopt, moet u onmiddellijk medische hulp inroepen.","Translated"
"1441","To prevent battery explosion or leakage of flammable liquid or gas","Om te voorkomen dat de batterij explodeert of brandbare vloeistof of brandbaar gas lekt","Translated"
"1442","Replace the battery with a new battery of the same type. ","Vervang de batterij door een nieuwe batterij van hetzelfde type. ","Translated"
"1443","If a wrong type of battery is used, it may explode.","Als een verkeerd type batterij wordt gebruikt, kan deze exploderen.","Translated"
"1444","Do not expose batteries to extremely low pressure due to high altitude or extremely high temperatures.","Stel batterijen niet bloot aan een extreem lage druk door grote hoogte of extreem hoge temperaturen.","Translated"
"1445","Do not burn, break or cut a battery.","Verbrand en breek een batterij niet, en snij en zaag er niet in.","Translated"
"1446","Certification for the electronic key battery","Certificering voor de batterij van de elektronische sleutel","Translated"
"1447","CAUTION","VOORZICHTIG","Translated"
"1448","RISK OF EXPLOSION IF BATTERY IS REPLACED BY AN INCORRECT TYPE.","RISICO OP EXPLOSIE ALS DE BATTERIJ WORDT VERVANGEN DOOR EEN VAN EEN ONJUIST TYPE.","Translated"
"1449","DISPOSE OF USED BATTERIES ACCORDING TO THE","VOER GEBRUIKTE BATTERIJEN OF IN OVEREENSTEMMING MET DE","Translated"
"1450","INSTRUCTIONS.","INSTRUCTIES.","Translated"
"1451","When replacing the battery","Bij het vervangen van de batterij","Translated"
"1452","Use a screwdriver of appropriate size. ","Gebruik een schroevendraaier met een geschikte maat. ","Translated"
"1453","Applying excessive force may deform or damage the cover.","Het deksel kan vervormd of beschadigd raken als er een grote kracht op wordt uitgeoefend.","Translated"
"1454","For normal operation after replacing the battery","Voor normaal gebruik na het vervangen van de batterij","Translated"
"1455","Observe the following precautions to prevent accidents:","Neem het volgende in acht om ongevallen te voorkomen:","Translated"
"1456","Always work with dry hands.","Werk altijd met droge handen.","Translated"
"1457","Moisture may cause the battery to rust.","Vocht kan ertoe leiden dat de batterij gaat roesten.","Translated"
"1458","Do not touch or move any other component inside the remote control.","Raak geen andere componenten van de afstandsbediening aan en verplaats deze niet.","Translated"
"1459","Do not bend either of the battery terminals.","Buig de batterijpolen niet.","Translated"
"1460","Fuses","Zekeringen","Translated"
"1461","Replacing:","Verwisselen:","Translated"
"1462","Fuses","Zekeringen","Translated"
"1463","Checking and replacing fuses","Controleren en vervangen van zekeringen","Translated"
"1464","If any of the electrical components do not operate, a fuse may have blown. ","Als een van de elektrische componenten niet werkt, kan er een zekering zijn doorgebrand. ","Translated"
"1465","If this happens, check and replace the fuses as necessary.","Als dit gebeurt, controleert u de zekeringen en vervangt u zekeringen naar behoefte.","Translated"
"1466","Checking and replacing fuses","Controleren en vervangen van zekeringen","Translated"
"1467","Turn the power switch off.","Zet het contact uit.","Translated"
"1468","Confirm that the charging connector is not connected.","Controleer of de laadaansluiting niet in gebruik is.","Translated"
"1469","Open the fuse box cover.","Open het deksel van het zekeringenkastje.","Translated"
"1470","Motor compartment","Motorruimte","Translated"
"1471","Push the tab in and lift the lid off.","Duw de lip naar binnen en til het deksel eraf.","Translated"
"1472","Left side instrument panel (left-hand drive vehicles)","Instrumentenpaneel links (auto’s met stuur links)","Translated"
"1473","Remove the lid.","Verwijder het deksel.","Translated"
"1474","Right side instrument panel (right-hand drive vehicles)","Instrumentenpaneel rechts (auto’s met stuur rechts)","Translated"
"1475","Remove the lid.","Verwijder het deksel.","Translated"
"1476","Remove the fuse.","Verwijder de zekering.","Translated"
"1477","Only type A fuse can be removed using the pullout tool.","Alleen zekeringen van type A kunnen worden verwijderd met het uitneemgereedschap.","Translated"
"1478","Check if the fuse is blown.","Controleer of de zekering is doorgebrand.","Translated"
"1479","Replace the blown fuse with a new fuse of an appropriate amperage rating. ","Vervang de doorgebrande zekering door een nieuwe zekering met een geschikte nominale stroomsterkte. ","Translated"
"1480","The amperage rating can be found on the fuse box lid.","De nominale stroomsterkte vindt u op het deksel van het zekeringenkastje.","Translated"
"1481","Type A","Type A","Translated"
"1482","<Tag pos=""Point"" x=""3"" type=""InlineImage"">&lt;symbol href = &quot;../common/step_a.eps&quot; width = &quot;4.177mm&quot; height = &quot;4.176mm&quot; xoffset = &quot;0.000mm&quot; yoffset = &quot;0.000mm&quot;/&gt;</Tag>","<Tag pos=""Point"" x=""3"" type=""InlineImage"">&lt;symbol href = &quot;../common/step_a.eps&quot; width = &quot;4.177mm&quot; height = &quot;4.176mm&quot; xoffset = &quot;0.000mm&quot; yoffset = &quot;0.000mm&quot;/&gt;</Tag>",""
"1483","Normal fuse","Normale zekering","Translated"
"1484","<Tag pos=""Point"" x=""2"" type=""InlineImage"">&lt;symbol href = &quot;../common/step_b.eps&quot; width = &quot;4.177mm&quot; height = &quot;4.176mm&quot; xoffset = &quot;0.000mm&quot; yoffset = &quot;0.000mm&quot;/&gt;</Tag>","<Tag pos=""Point"" x=""2"" type=""InlineImage"">&lt;symbol href = &quot;../common/step_b.eps&quot; width = &quot;4.177mm&quot; height = &quot;4.176mm&quot; xoffset = &quot;0.000mm&quot; yoffset = &quot;0.000mm&quot;/&gt;</Tag>",""
"1485","Blown fuse","Doorgebrande zekering","Translated"
"1486","Type B","Type B","Translated"
"1487","<Tag pos=""Point"" x=""3"" type=""InlineImage"">&lt;symbol href = &quot;../common/step_a.eps&quot; width = &quot;4.177mm&quot; height = &quot;4.176mm&quot; xoffset = &quot;0.000mm&quot; yoffset = &quot;0.000mm&quot;/&gt;</Tag>","<Tag pos=""Point"" x=""3"" type=""InlineImage"">&lt;symbol href = &quot;../common/step_a.eps&quot; width = &quot;4.177mm&quot; height = &quot;4.176mm&quot; xoffset = &quot;0.000mm&quot; yoffset = &quot;0.000mm&quot;/&gt;</Tag>",""
"1488","Normal fuse","Normale zekering","Translated"
"1489","<Tag pos=""Point"" x=""2"" type=""InlineImage"">&lt;symbol href = &quot;../common/step_b.eps&quot; width = &quot;4.177mm&quot; height = &quot;4.176mm&quot; xoffset = &quot;0.000mm&quot; yoffset = &quot;0.000mm&quot;/&gt;</Tag>","<Tag pos=""Point"" x=""2"" type=""InlineImage"">&lt;symbol href = &quot;../common/step_b.eps&quot; width = &quot;4.177mm&quot; height = &quot;4.176mm&quot; xoffset = &quot;0.000mm&quot; yoffset = &quot;0.000mm&quot;/&gt;</Tag>",""
"1490","Blown fuse","Doorgebrande zekering","Translated"
"1491","Type C","Type C","Translated"
"1492","<Tag pos=""Point"" x=""3"" type=""InlineImage"">&lt;symbol href = &quot;../common/step_a.eps&quot; width = &quot;4.177mm&quot; height = &quot;4.176mm&quot; xoffset = &quot;0.000mm&quot; yoffset = &quot;0.000mm&quot;/&gt;</Tag>","<Tag pos=""Point"" x=""3"" type=""InlineImage"">&lt;symbol href = &quot;../common/step_a.eps&quot; width = &quot;4.177mm&quot; height = &quot;4.176mm&quot; xoffset = &quot;0.000mm&quot; yoffset = &quot;0.000mm&quot;/&gt;</Tag>",""
"1493","Normal fuse","Normale zekering","Translated"
"1494","<Tag pos=""Point"" x=""2"" type=""InlineImage"">&lt;symbol href = &quot;../common/step_b.eps&quot; width = &quot;4.177mm&quot; height = &quot;4.176mm&quot; xoffset = &quot;0.000mm&quot; yoffset = &quot;0.000mm&quot;/&gt;</Tag>","<Tag pos=""Point"" x=""2"" type=""InlineImage"">&lt;symbol href = &quot;../common/step_b.eps&quot; width = &quot;4.177mm&quot; height = &quot;4.176mm&quot; xoffset = &quot;0.000mm&quot; yoffset = &quot;0.000mm&quot;/&gt;</Tag>",""
"1495","Blown fuse","Doorgebrande zekering","Translated"
"1496","Type D","Type D",""
"1497","<Tag pos=""Point"" x=""3"" type=""InlineImage"">&lt;symbol href = &quot;../common/step_a.eps&quot; width = &quot;4.177mm&quot; height = &quot;4.176mm&quot; xoffset = &quot;0.000mm&quot; yoffset = &quot;0.000mm&quot;/&gt;</Tag>","<Tag pos=""Point"" x=""3"" type=""InlineImage"">&lt;symbol href = &quot;../common/step_a.eps&quot; width = &quot;4.177mm&quot; height = &quot;4.176mm&quot; xoffset = &quot;0.000mm&quot; yoffset = &quot;0.000mm&quot;/&gt;</Tag>",""
"1498","Normal fuse","Normale zekering","Translated"
"1499","<Tag pos=""Point"" x=""2"" type=""InlineImage"">&lt;symbol href = &quot;../common/step_b.eps&quot; width = &quot;4.177mm&quot; height = &quot;4.176mm&quot; xoffset = &quot;0.000mm&quot; yoffset = &quot;0.000mm&quot;/&gt;</Tag>","<Tag pos=""Point"" x=""2"" type=""InlineImage"">&lt;symbol href = &quot;../common/step_b.eps&quot; width = &quot;4.177mm&quot; height = &quot;4.176mm&quot; xoffset = &quot;0.000mm&quot; yoffset = &quot;0.000mm&quot;/&gt;</Tag>",""
"1500","Blown fuse","Doorgebrande zekering","Translated"
"1501","Type E","Type E",""
"1502","<Tag pos=""Point"" x=""3"" type=""InlineImage"">&lt;symbol href = &quot;../common/step_a.eps&quot; width = &quot;4.177mm&quot; height = &quot;4.176mm&quot; xoffset = &quot;0.000mm&quot; yoffset = &quot;0.000mm&quot;/&gt;</Tag>","<Tag pos=""Point"" x=""3"" type=""InlineImage"">&lt;symbol href = &quot;../common/step_a.eps&quot; width = &quot;4.177mm&quot; height = &quot;4.176mm&quot; xoffset = &quot;0.000mm&quot; yoffset = &quot;0.000mm&quot;/&gt;</Tag>",""
"1503","Normal fuse","Normale zekering","Translated"
"1504","<Tag pos=""Point"" x=""2"" type=""InlineImage"">&lt;symbol href = &quot;../common/step_b.eps&quot; width = &quot;4.177mm&quot; height = &quot;4.176mm&quot; xoffset = &quot;0.000mm&quot; yoffset = &quot;0.000mm&quot;/&gt;</Tag>","<Tag pos=""Point"" x=""2"" type=""InlineImage"">&lt;symbol href = &quot;../common/step_b.eps&quot; width = &quot;4.177mm&quot; height = &quot;4.176mm&quot; xoffset = &quot;0.000mm&quot; yoffset = &quot;0.000mm&quot;/&gt;</Tag>",""
"1505","Blown fuse","Doorgebrande zekering","Translated"
"1506","After a fuse is replaced","Nadat een zekering is vervangen","Translated"
"1507","When installing the lid, make sure that the tab is installed securely.","Zorg bij het aanbrengen van het deksel ervoor dat de lip goed vastzit.","Translated"
"1508","If the lights do not turn on even after the fuse has been replaced, a bulb may need replacement.","Als de verlichting niet werkt nadat de zekering ervoor is vervangen, moet mogelijk een lampje worden vervangen.","Translated"
"1509","If the replaced fuse blows again, have the vehicle inspected by any authorized SUBARU retailer or SUBARU authorized repairer, or any reliable repairer.","Als de vervangen zekering weer doorslaat, laat u de auto inspecteren door een erkende SUBARU-dealer, erkende SUBARU-reparateur, of andere betrouwbare reparateur.","Translated"
"1510","If there is an overload in a circuit","Als er sprake is van overbelasting van een circuit","Translated"
"1511","The fuses are designed to blow, protecting the wiring harness from damage.","De zekeringen zijn ontworpen om door te slaan om de kabelboom te beschermen tegen schade.","Translated"
"1512","When replacing an electronic component, such as a lights, etc.","Wanneer u een elektronische component, zoals lampjes e.d., vervangt","Translated"
"1513","SUBARU recommends that you use genuine SUBARU products designed for this vehicle. ","SUBARU adviseert het gebruik van originele SUBARU-producten die zijn ontworpen voor deze auto. ","Translated"
"1514","Because certain bulbs are connected to circuits designed to prevent overload, non-genuine parts or parts not designed for this vehicle may be unusable.","Aangezien bepaalde lampjes zijn aangesloten op circuits die zijn ontworpen om overbelasting te voorkomen, kunnen niet-originele onderdelen of onderdelen die niet zijn ontworpen voor deze auto, onbruikbaar zijn.","Translated"
"1515","To prevent system breakdowns and vehicle fire","Om defecten van systemen en brand in de auto te voorkomen","Translated"
"1516","Observe the following precautions.","Neem de volgende voorzorgsmaatregelen in acht.","Translated"
"1517","Failure to do so may cause damage to the vehicle, and possibly a fire or injury.","Als u dit niet doet, kan dit leiden tot schade aan de auto, en mogelijk brand en/of letsel.","Translated"
"1518","Never use a fuse of a higher amperage rating than that indicated, or use any other object in place of a fuse.","Gebruik nooit een zekering met een hogere nominale stroomsterkte dan aangegeven, en gebruik nooit een ander voorwerp als zekering.","Translated"
"1519","Always use a genuine SUBARU fuse or equivalent.","Gebruik altijd een originele SUBARU-zekering of een equivalent daarvan.","Translated"
"1520","Never replace a fuse with a wire, even as a temporary fix.","Vervang een zekering nooit met een draad, ook niet tijdelijk.","Translated"
"1521","Do not modify the fuses or fuse boxes.","Pas de zekeringen en zekeringenkastjes niet aan.","Translated"
"1522","Before replacing fuses","Voordat u zekeringen gaat vervangen","Translated"
"1523","Have the cause of electrical overload determined and repaired by any authorized SUBARU retailer or SUBARU authorized repairer, or any reliable repairer as soon as possible.","Laat de oorzaak van de elektrische overbelasting zo spoedig mogelijk bepalen en verhelpen door een erkende SUBARU-dealer, erkende SUBARU-reparateur, of andere betrouwbare reparateur.","Translated"
"1524","Light bulbs:","Lampjes:","Translated"
"1525","Replacing","Verwisselen","Translated"
"1526","Lights:","Verlichting:","Translated"
"1527","Replacing light bulbs","Lampjes vervangen","Translated"
"1528","Replacing:","Verwisselen:","Translated"
"1529","Light bulbs","Lampjes","Translated"
"1530","Turn signal lights:","Richtingaanwijzers:","Translated"
"1531","Replacing light bulbs","Lampjes vervangen","Translated"
"1532","Tail lights:","Achterlichten:","Translated"
"1533","Replacing light bulbs","Lampjes vervangen","Translated"
"1534","Stop lights:","Remlichten:","Translated"
"1535","Replacing light bulbs","Lampjes vervangen","Translated"
"1536","Side turn signal lights:","Richtingaanwijzers zijkant:","Translated"
"1537","Replacing light bulbs","Lampjes vervangen","Translated"
"1538","Rear turn signal lights:","Richtingaanwijzers achter:","Translated"
"1539","Replacing light bulbs","Lampjes vervangen","Translated"
"1540","License plate lights:","Kentekenverlichting:","Translated"
"1541","Replacing light bulbs","Lampjes vervangen","Translated"
"1542","Headlights:","Koplampen:","Translated"
"1543","Replacing light bulbs","Lampjes vervangen","Translated"
"1544","Front turn signal lights:","Richtingaanwijzers vóór:","Translated"
"1545","Replacing light bulbs","Lampjes vervangen","Translated"
"1546","Back-up lights:","Achteruitrijlichten:","Translated"
"1547","Replacing light bulbs","Lampjes vervangen","Translated"
"1548","Fog lights:","Mistlichten:","Translated"
"1549","Replacing light bulbs","Lampjes vervangen","Translated"
"1550","Rear fog light:","Mistachterlicht:","Translated"
"1551","Replacing light bulbs","Lampjes vervangen","Translated"
"1552","Daytime running lights:","Voertuigverlichting overdag:","Translated"
"1553","Replacing light bulbs","Lampjes vervangen","Translated"
"1554","Light bulbs","Lampjes","Translated"
"1555","If any exterior light does not turn on, have it replaced by any authorized SUBARU retailer or SUBARU authorized repairer, or any reliable repairer.","Als een buitenlamp niet gaat branden, laat u deze vervangen door een erkende SUBARU-dealer, erkende SUBARU-reparateur, of andere betrouwbare reparateur.","Translated"
"1556","LED lights","Ledverlichting","Translated"
"1557","The lights consist of a number of LEDs. ","De lampen bestaan uit een aantal leds. ","Translated"
"1558","If any of the LEDs burn out, take your vehicle to any authorized SUBARU retailer or SUBARU authorized repairer, or any reliable repairer to have the light replaced.","Als een van de leds niet meer werkt, breng u uw auto voor reparatie van de lamp naar een erkende SUBARU-dealer, erkende SUBARU-reparateur, of andere betrouwbare reparateur.","Translated"
"1559","Condensation build-up on the inside of the lens","Condensaatvorming in de lens","Translated"
"1560","Temporary condensation build-up on the inside of the headlight lens does not indicate a malfunction. ","Als zich een keer condensaat vormt in de lens van een koplamp, wijst dat niet op een defect. ","Translated"
"1561","Contact any authorized SUBARU retailer or SUBARU authorized repairer, or any reliable repairer for more information in the following situations:","Neem in de volgende gevallen voor meer informatie contact op met een erkende SUBARU-dealer, erkende SUBARU-reparateur, of andere betrouwbare reparateur:","Translated"
"1562","Large drops of water have built up on the inside of the lens.","Er hebben zich grote waterdruppels gevormd aan de binnenkant van de lens.","Translated"
"1563","Water has built up inside the headlight.","Er heeft zich water verzameld in de koplamp.","Translated"
"1564","When replacing an electronic component, such as a lights, etc.","Wanneer u een elektronische component, zoals lampjes e.d., vervangt","Translated"
"1565","<NU x=""1"">&amp;rarr;</NU>","<NU x=""1"">&amp;rarr;</NU>",""
