"english","dutch"
"AHB (Automatic High Beam)","AHB (automatisch grootlicht)"
"AHS (Adaptive High-beam System)","AHS (adaptief grootlicht)"
"BSM (Blind Spot Monitor)","BSM (dodehoekbewaking)"
"Hands Free Power Back Door","Handsfree elektrisch bedienbare bagageklep"
"LCA (Lane Change Assist)","LCA (rijstrookassistent)"
"LDA (Lane Departure Alert)","LDA (waarschuwing bij verlaten van rijstrook)"
"LTA (Lane Tracing Assist)","LTA (rijstrookassistent)"
"PCS (Pre-Collision System)","PCS (botswaarschuwingssysteem)"
"PDA (Proactive Driving Assist)","PDA (proactieve rijhulp)"
"PKSB (Parking Support Brake)","PKSB (remmen tijdens parkeren)"
"RCD (Rear Camera Detection)","RCD (detectie met camera achter)"
"RCTA (Rear Crossing Traffic Alert)","RCTA (waarschuwing bij achterlangs kruisend verkeer)"
"RSA (Road Sign Assist)","RSA (verkeersbordherkenning)"
"“Genuine Traction Battery Coolant”","“Genuine Traction Battery Coolant” «originele koelvloeistof voor tractiebatterij»"
"“restricted”","“beperkt”"
"“semi-universal”","“semi-universeel”"
"“SOS” button","“SOS”-knop"
"“SUBARU Super Coolant”","“SUBARU Super Coolant”"
"“SYNC” mode","“SYNC”-modus"
"“universal”","“universeel”"
"“vehicle specific”","“voertuigspecifiek”"
"12-volt battery","12V-batterij"
"12-volt battery-saving function","Spaarfunctie voor de 12V-batterij"
"12-volt battery condition","Staat van de 12V-batterij"
"12-volt battery exterior","Buitenkant van de 12V-batterij"
"12-volt battery precautions","Voorzorgsmaatregelen voor de 12V-batterij"
"2WD models","Modellen met tweewielaandrijving"
"4WD operation status","4WD-werkingsstatus"
"4WD operation status display","Weergave 4WD-werkingsstatus"
"A/C","Airco"
"A/C Auto switch operation","Automatische overschakeling van airco"
"ABS warning light","ABS-waarschuwingslampje"
"AC","AC"
"AC charging","AC-laden"
"AC charging cable","AC-laadkabel"
"AC charging cable types","Typen AC-laadkabel"
"AC charging connector lock function","Vergrendelfunctie van de AC-laadaansluiting"
"AC charging electricity","AC-laadstroom"
"AC charging inlet","AC-laadingang"
"ACC mode","ACC-modus"
"Acceleration setting","Acceleratie-instelling"
"Accelerator status","Status van het gaspedaal"
"Acoustic vehicle alerting system","Akoestisch voertuigwaarschuwingssysteem"
"Active Cornering Assist","Active Cornering Assist"
"Active steering function","Actieve stuurfunctie"
"Adaptive High-beam System","adaptief grootlicht"
"Adaptive High-beam System switch","Schakelaar voor het adaptieve grootlicht"
"adatvedelem@toyota-ce.com","adatvedelem@toyota-ce.com"
"Adding washer fluid","Ruitensproeiervloeistof bijvullen"
"Adjustable shoulder anchor","Verstelbare schoudergordelklem"
"Adjusting the mirror angle","De spiegel verstellen"
"Adjusting the seats","De stoelen afstellen"
"Adjusting the steering wheel and mirrors","Afstelling van stuur en spiegels"
"Adjustment precautions","Voorzorgsmaatregelen voor het afstellen"
"Adjustment procedure","Afstelprocedure"
"Aerosol cans","Spuitbussen"
"After changing a fuse","Na het vervangen van een zekering"
"After charging","Na het opladen"
"After charging is complete","Nadat het opladen is voltooid"
"After DC charging","Na het DC-laden"
"after reset","Na reset"
"after start","Na starten"
"AHB indicator","AHB-indicatielampje"
"AHS indicator","AHS-indicatielampje"
"Air conditioner filter","Aircofilter"
"Air conditioning","Airco"
"Air conditioning compressor","Aircocompressor"
"Air conditioning controls","Bedieningselementen voor de airco"
"Air conditioning filter","Aircofilter"
"Air conditioning refrigerant","Koudemiddel voor airconditioning"
"Air conditioning system","Aircosysteem"
"Air flow mode control switch","Schakelaar voor luchtstroommodus"
"Air flow to all the seats","Luchtstroom naar alle stoelen"
"Air flow to the front seats only","Alleen luchtstroom naar de voorstoelen"
"Air leaking from between tire and wheel","Luchtlekkage tussen de band en de velg"
"Air outlet layout and operations","Verdeling en werking van de luchtroosters"
"Air pressure gauge","Manometer"
"Air release cap","Dop voor luchtmondstuk"
"Airbag manual on-off switch","Handmatige aan/uit-schakelaar van airbag"
"Airbag manual on-off system","Systeem voor handmatig aan-/uitzetten van airbag"
"Airbag operating conditions","Voorwaarden voor activering van de airbags"
"Airbag precautions","Voorzorgsmaatregelen voor airbags"
"Airbag precautions for your child","Voorzorgsmaatregelen voor airbags bij aanwezigheid van kinderen"
"Airbag sensor assembly","Airbagsensoreenheid"
"Airbags","Airbags"
"Airflow mode control switch","Schakelaar voor luchtstroommodus"
"Airflow to all the seats","Luchtstroom naar alle stoelen"
"Airflow to the front seats only","Alleen luchtstroom naar de voorstoelen"
"Alarm","Alarm"
"Alarm-operated door lock","Portiervergrendeling door het alarm"
"Alert options","Waarschuwingsopties"
"Alert timing","Waarschuwingsmoment"
"ALL AUTO (“ECO”) control","ALL AUTO (“ECO”) regeling"
"ALL AUTO (ECO) control","ALL AUTO (ECO) regeling"
"ALL AUTO (ECO) switch","Schakelaar ALL AUTO (ECO)"
"ALL AUTO control","ALL AUTO regeling"
"Alphabetical index","Alfabetische index"
"Aluminum wheel precautions","Voorzorgsmaatregelen voor aluminium velgen"
"Aluminum wheels","Aluminium velgen"
"Ambient temperature","Omgevingstemperatuur"
"Antenna","Antenne"
"Antenna inside the luggage compartment","Antenne in de bagageruimte"
"Antenna location","Antennelocaties"
"Antenna outside the luggage compartment","Antenne buiten de bagageruimte"
"Antennas inside the cabin","Antennes in de cabine"
"Antennas outside the cabin","Antennes buiten de cabine"
"Anti-glare function","Antischitterfunctie"
"Anti-lock Brake System","Antiblokkeersysteem van de remmen"
"Appendix","Bijlage"
"Applying/releasing","Inschakelen/uitschakelen"
"Appreciable loss of power","Merkbaar vermogensverlies"
"Approach warning","Waarschuwing voor nadering"
"Approaching vehicle","Naderend voertuig"
"Approaching vehicle speed","Rijsnelheid naderend voertuig"
"Approaching vehicles","Naderende voertuigen"
"Approximate alert distance","Waarschuwingsafstand bij benadering"
"Approximate Distance","Afstand bij benadering"
"Approximate distance to obstacle","Afstand tot obstakel bij benadering"
"Area illuminated by the high beams","Gebied verlicht door het grootlicht"
"Area illuminated by the low beams","Gebied verlicht door het dimlicht"
"Armrest","Armleuning"
"Arrangements for data processing","Voorzieningen voor gegevensverwerking"
"Assist grips","Hemelhandgrepen"
"Audible symptoms","Hoorbare symptomen"
"Audio remote control switches","Afstandsbedieningsschakelaars voor het audiosysteem"
"Audio system-linked display","Weergave gekoppeld aan het audiosysteem"
"Audio system linked display","Weergave gekoppeld aan het audiosysteem"
"Audio system screen","Scherm van audiosysteem"
"Audio/video system","Audio-/videosysteem"
"Austria","Oostenrijk"
"AUTO","AUTO"
"Auto power off function","Functie voor automatische uitschakeling"
"Automatic adjustment of the mirror angle","Automatische afstelling van de hoek van de spiegels"
"Automatic air conditioning system","Automatisch aircosysteem"
"Automatic cancelation of the cruise control","Automatische uitschakeling van de cruisecontrol"
"Automatic cancelation of vehicle-to-vehicle distance control mode","Automatische uitschakeling van de modus voor regeling van de afstand tot de voorligger"
"Automatic cancellation of the speed limiter","Automatische uitschakeling van de snelheidsbegrenzer"
"Automatic car washes","Automatische wasstraten"
"Automatic check function","Functie voor automatische controle"
"Automatic door locking and unlocking system","Systeem voor automatisch vergrendelen en ontgrendelen van portieren"
"Automatic door locking and unlocking systems","Systemen voor automatisch vergrendelen en ontgrendelen van portieren"
"Automatic Emergency Calls","Automatische noodoproepen"
"Automatic headlight leveling system","Automatisch koplampnivelleringssysteem"
"Automatic headlight system","Automatisch koplampsysteem"
"Automatic High Beam","Automatic High Beam (automatisch grootlicht)"
"Automatic High Beam switch","Schakelaar voor automatisch grootlicht"
"Automatic illumination of the interior lights","Automatische verlichting van de interieurverlichting"
"Automatic light control system","Automatische verlichtingsregeling"
"automatic light off system","Automatische uitschakeling van verlichting"
"Automatic mirror folding and extending operation","Automatisch in- en uitklappen van de buitenspiegels"
"Automatic mode","Automatische modus"
"Automatic mode switch","Schakelaar voor automatische modus"
"Automatic P position selection function","Functie voor automatische selectie van de P-stand"
"Automatic Rear Flashing Hazard Lights","Automatische alarmknipperlichten achter"
"Automatic Releasing the Grip control","Automatische uitschakeling van Grip Control"
"Automatic system cancelation of emergency brake signal","Automatische uitschakeling van het noodremsignaal"
"Automatic system cancelation of hill-start assist control","Automatische uitschakeling van Hill-Start Assist Control (assistentie bij wegrijden op een helling)"
"Auxiliary battery","Hulpbatterij"
"Auxiliary box","Extra vak"
"Auxiliary box lights","Verlichting in extra vak"
"Auxiliary boxes","Extra vakken"
"Auxiliary catch lever","Motorkapgrendel"
"Available","Beschikbaar"
"Average fuel economy","Gemiddeld brandstofverbruik"
"Average power consumption","Gemiddeld energieverbruik"
"Average speed","Gemiddelde snelheid"
"Average vehicle speed","Gemiddelde rijsnelheid"
"Avoiding 12-volt battery fires or explosions","Voorkomen dat de 12V-batterij vlam vat of explodeert"
"Avoiding damage to vehicle parts","Schade aan auto-onderdelen voorkomen"
"AWD models","Modellen met vierwielaandrijving"
"AWD operation status","AWD-werkingsstatus"
"AWD operation status display","Weergave AWD-werkingsstatus"
"AWD system display","Weergave van systeem voor voorwielaandrijving"
"Back-up light","Achteruitrijlicht"
"Back-up lights","Achteruitrijlichten"
"Back door","Bagageklep"
"Back door closer","Sluitmechanisme voor bagageklep"
"Back door closing assist","Sluithulp van de bagageklep"
"Back door precautions","Voorzorgsmaatregelen voor de bagageklep"
"Back door reserve lock function","Functie voor voorbereiding op vergrendeling van bagageklep"
"Back door spindles","Aandrijfassen van de bagageklep"
"Baking soda","Baking soda (natriumwaterstofcarbonaat)"
"Basic functions","Basisfuncties"
"Battery","Batterij"
"Battery-saving function","Batterijspaarfunctie"
"Battery cooler","Batterijkoeler"
"Battery Electric Vehicle driving tips","Tips voor rijden met het batterij-elektrische voertuig"
"Battery precautions","Voorzorgsmaatregelen voor de batterij"
"Battery Preconditioning","Batterijpreconditionering"
"Battery saving function","Batterijspaarfunctie"
"Beep","piep"
"Before driving","Vóór het rijden"
"Before driving the vehicle","Voordat u met de auto gaat rijden"
"Before jacking up the vehicle","Voordat u de auto opkrikt"
"Before leaving home","Voordat u van huis gaat"
"Before leaving the vehicle","Voordat u uitstapt"
"Before recharging","Voordat u gaat opladen"
"Before repairing the vehicle","Voordat u de auto repareert"
"Before replacing fuses","Voordat u zekeringen gaat vervangen"
"Before starting the EV system","Vóór het starten van het EV-systeem"
"digital inner mirror","digitale binnenspiegel"
"Before using the LDA system","Voordat u het LDA-systeem gebruikt"
"Before using the LTA system","Voordat u het LTA-systeem gebruikt"
"Bent wheels that have been straightened","Velgen die zijn rechtgebogen na verbuiging"
"Bicycles","Fietsen"
"Bicyclists","Fietsers"
"Blank","Blanco"
"Blind Spot Monitor","dodehoekbewaking"
"Blind Spot Monitor operation","Werking van de dodehoekbewaking"
"Blown fuse","Doorgebrande zekering"
"blue","Blauw"
"Blue","Blauw"
"Bluetooth devices","Bluetooth-apparaten"
"Bolts and nuts on chassis and body","Bouten en moeren op chassis en carrosserie"
"Bottle","Fles"
"Bottle holders","Flessenhouders"
"Brake","Rem"
"Brake assist","Remhulp"
"Brake control","Remregeling"
"Brake fluid","Remvloeistof"
"Brake function","Remwerking"
"Brake Hold","Brake Hold"
"Brake hold function","Brake Hold-functie"
"Brake hold operated indicator","Indicatielampje Brake Hold ingeschakeld"
"Brake hold standby indicator","Indicatielampje Brake Hold stand-by"
"Brake hold switch","Brake Hold-schakelaar"
"Brake hold system","Brake Hold-systeem"
"Brake hold system operating conditions","Voorwaarden voor de werking van het Brake Hold-systeem"
"Brake Override System","Brake Override System"
"Brake pads and calipers","Remblokken en remklauwen"
"Brake pads and discs","Remblokken en -schijven"
"Brake parts","Onderdelen van het remsysteem"
"Brake pedal and parking brake","Rempedaal en parkeerrem"
"Brake pipes and hoses","Remleidingen en -slangen"
"Brake status","Status van de rem"
"Brake system","Remsysteem"
"Brake system warning light","Waarschuwingslampje remsysteem"
"Braking force","Remkracht"
"Break-in schedule","Inrijschema"
"Break-in tips","Tips voor inrijden"
"Break suggestion function","Functie voor pauzesuggestie"
"Breaking in your new SUBARU","Inrijden van uw nieuwe SUBARU"
"Bright","Fel"
"Brighter","Lichter"
"Brightness control","Helderheidsregeling"
"BRITAX","BRITAX"
"BSM outside rear view mirror indicators","Indicatielampjes dodehoekbewaking buitenspiegels"
"Bull bars or kangaroo bars","Bullbars"
"Bumpers","Bumpers"
"Buzzer","Zoemer"
"Buzzer volume","Zoemervolume"
"CABRIOFIX","CABRIOFIX"
"Calendar","Kalender"
"Calendar settings","Kalenderinstellingen"
"Call sending/receiving and history display","Oproep starten/aannemen en weergave van oproepgeschiedenis"
"Camera","Camera"
"Camera indicator","Indicatielampje voor de camera"
"Camera switch","Cameraschakelaar"
"Cancel switch","Schakelaar voor uitschakeling"
"Cancelation procedure","Procedure voor verwijderen"
"Capacity","Capaciteit"
"Capacity reduction of the traction battery","Afname van de capaciteit van de tractiebatterij"
"Card holders","Kaarthouders"
"Care","Verzorging"
"Cargo and luggage","Bagage en lading"
"Cargo hooks","Bagagehaken"
"Caring for leather areas","Leren oppervlakken verzorgen"
"Catch protection function","Beveiligingsfunctie tegen vastzitten"
"CAUTION","VOORZICHTIG"
"Caution after DC charging","Wees voorzichtig bij het DC-laden"
"Caution label","Waarschuwingsetiket"
"Caution symbols","Symbolen “voorzichtig”"
"Caution when charging","Wees voorzichtig bij het opladen"
"Caution while driving","Waarschuwing tijdens het rijden"
"Caution while in motion","Waarschuwing tijdens het rijden"
"Ceiling","Hemel"
"Center console","Middenconsole"
"Center console light","Verlichting van middenconsole"
"Certification","Certificering"
"Certifications","Certificeringen"
"Chains","Kettingen"
"Changing the shift position","Wijzigen van de versnellingsstand"
"Charge area","Ladingsgedeelte"
"Charge area","Laadoppervlak"
"Charging","Opladen"
"Charging-linked functions","Functies gerelateerd aan het opladen"
"Charging-related messages","Meldingen met betrekking tot opladen"
"Charging area","Laadoppervlak"
"Charging cable","Laadkabel"
"Charging cable indicator","Indicatielampje laadkabel"
"Charging components","Laadcomponenten"
"Charging connector","Laadaansluiting"
"Charging current","Laadstroom"
"Charging electricity","Laadstroom"
"Charging equipment","Laadapparatuur"
"Charging equipment and names","Laadapparatuur en benamingen"
"Charging indicator","Laadindicatielampje"
"Charging limit","Laadlimiet"
"Charging methods","Laadmethodes"
"Charging mode","Laadmodus"
"Charging port","Laadpoort"
"Charging port lid","Klep van laadpoort"
"Charging port lid open/close detection switch","Schakelaar voor de detectie van een open/gesloten klep van de laadpoort"
"Charging precautions","Voorzorgsmaatregelen voor opladen"
"Charging procedure","Laadprocedure"
"Charging rates:","Laadsnelheid:"
"Charging schedule","Laadplanning"
"Charging schedule function","Functie voor laadplanning"
"Charging station","Laadstation"
"CHARGING STATION INFORMATION","INFORMATIE OVER LAADSTATION"
"Charging system","Laadsysteem"
"Charging system error","Storing in het laadsysteem"
"Charging system warning light","Waarschuwingslampje laadsysteem"
"Charging the 12-volt battery","Opladen van de 12V-batterij"
"Charging the traction battery","Opladen van de tractiebatterij"
"Charging tips","Laadtips"
"Charging tray","Oplaadvak"
"Charging tray side","Oplaadvak"
"Checking","Controleren"
"Checking 12-volt battery fluid","De vloeistof van de 12V-batterij controleren"
"Checking and replacing fuses","Controleren en vervangen van zekeringen"
"Checking interval","Controle-interval"
"Checking the 12-volt battery","De 12V-batterij controleren"
"Checking the heater coolant","Koelvloeistof van de verwarming controleren"
"Checking the power control unit coolant","De koelvloeistof van de eenheid voor vermogensregeling controleren"
"Checking the radiator and condenser","De radiateur en condensor controleren"
"Checking tire inflation pressure","De bandenspanning controleren"
"Checking tires","Banden controleren"
"Child-protectors","Kindersloten"
"child restraint system","Kinderzitje"
"Child restraint system","Kinderzitje"
"Child restraint system fixed with a seat belt","Kinderzitje bevestigd met een veiligheidsgordel"
"Child restraint system fixed with an ISOFIX lower anchorage","Kinderzitje bevestigd met een ISOFIX-bevestiging aan de onderkant"
"Child restraint system installation","Plaatsen van kinderzitje"
"Child restraint system installation method","Bevestigingsmethode van kinderzitjes"
"Child restraint systems","Kinderzitjes"
"Child safety","Veiligheid van kinderen"
"Child seat belt usage","Gebruik van de veiligheidsgordel door kinderen"
"Child seats definition","Definitie van kinderzitjes"
"Child seats installation","Aanbrengen van kinderzitjes"
"Child seats/child restraint system installation","Plaatsen van kinderzitjes"
"Child weight","Gewicht van kind"
"Class","Klasse"
"Cleaning","Schoonmaken"
"Cleaning aluminum parts","Aluminium onderdelen schoonmaken"
"Cleaning and protecting the vehicle exterior","De buitenkant van de auto schoonmaken en beschermen"
"Cleaning and protecting the vehicle interior","Het interieur van de auto schoonmaken en beschermen"
"Cleaning detergents","Schoonmaakmiddelen"
"Cleaning fabric portions","Stoffen gedeeltes schoonmaken"
"Cleaning instructions","Schoonmaakinstructies"
"Cleaning the camera","Schoonmaken van de camera"
"Clock","Klok"
"Clock setting","Klokinstelling"
"Close & lock (walk away) function","Functie voor sluiten en vergrendelen (weglopen)"
"Closing Display","Eindscherm"
"Closing the windows","Sluiten van de ruiten"
"Cloud Navigation","Cloud Navigation"
"Coat hooks","Jashaken"
"Coins","Munten"
"Cold tire inflation pressure","Bandenspanning bij koude banden"
"Collision from the front","Frontale botsing"
"Collision from the rear","Botsing van achteren"
"Collision from the side","Botsing van opzij"
"Collision from the side at an angle","Zijdelingse botsing onder een hoek"
"Collision from the side to the vehicle body other than the passenger compartment","Botsing tegen de zijkant van de auto buiten de cabine"
"Column lock release","Ontgrendelen van stuurslot"
"Compartment","Ruimte"
"Compass display","Kompasweergave"
"Compatibility of each seating position with child restraint systems","Geschiktheid van elke stoelpositie voor kinderzitjes"
"Components","Componenten"
"Compressed air source","Bron van perslucht"
"Compressor","Compressor"
"Compressor switch","Compressorschakelaar"
"Condensation build-up on the inside of the lens","Condensaatvorming in de lens"
"Condenser","Condensor"
"Configuration","Configuratie"
"Conformity","Conformiteit"
"Console box","Consolevak"
"Console box lid","Deksel van consolevak"
"Constant speed cruising","Met constante snelheid rijden met cruisecontrol"
"Contact information","Contactgegevens"
"Content display area","Weergavegebied voor inhoud"
"Content of driving information","Inhoud van rij-informatie"
"Conventional wrench","Steeksleutel"
"Coolant","Koelvloeistof"
"Coolant selection","Keuze van koelvloeistof"
"Coolant type","Type koelvloeistof"
"Cooling fan","Koelventilator"
"Cooling system","Koelsysteem"
"Cooling system coolant","Koelvloeistof van koelsysteem"
"Coping with flat tires","Wat te doen bij een lekke band"
"Coping with overheat","Wat te doen bij oververhitting"
"Correct driving posture","Juiste rijhouding"
"Correction procedure","Correctieprocedure"
"Correction procedures","Correctieprocedures"
"Corrosion inspection","Corrosie-inspectie"
"Country","Land"
"Croatia","Kroatië"
"Cross chain","Dwarsketting"
"Crossing vehicle speed","Snelheid van kruisend voertuig"
"crossing vehicles","kruisende voertuigen"
"Cruise control","Cruisecontrol"
"Cruise control indicator","Indicatielampje cruisecontrol"
"Cruise control switch","Cruisecontrolschakelaar"
"Cruise control system","Cruisecontrolsysteem"
"Cup holders","Bekerhouders"
"Current electricity consumption","Huidig elektriciteitsverbruik"
"Current electricity consumption screen","Scherm voor huidig elektriciteitsverbruik"
"Current fuel consumption","Huidige brandstofverbruik"
"Current Power consumption","Huidig energieverbruik"
"Curtain shield airbag operating conditions","Voorwaarden voor activering van de gordijnairbags"
"Curtain shield airbag precautions","Voorzorgsmaatregelen voor gordijnairbags"
"Curtain shield airbags","Gordijnairbags"
"Curve deceleration assistance","Hulp bij het afremmen van bochten"
"Curve speed reduction","Vaart minderen in bochten"
"Curve speed reduction function","Functie voor vaart minderen in bochten"
"customer@toyota.gr","customer@toyota.gr"
"customerservice@toyota.ie","customerservice@toyota.ie"
"Customizable features","Aan te passen functies"
"Customization","Aanpassing"
"Customized setting","Aangepaste instelling"
"Customizing vehicle features","Aanpassen van voertuigfuncties"
"Cyber Attack Risk","Risico op cyberaanvallen"
"D.SNOW/MUD mode","D.SNOW/MUD-modus"
"D.SNOW/MUD mode indicator","Indicatielampje D.SNOW/MUD-modus"
"DAC","DAC"
"Dark","Donker"
"Darker","Donkerder"
"Dashboard","Dashboard"
"Data processing flow","Gegevensverwerkingsstroom"
"Data usage","Gegevensgebruik"
"datenschutz@toyota-frey.at","datenschutz@toyota-frey.at"
"Daytime running light function","Functie voor voertuigverlichting overdag"
"Daytime running light system","Systeem voor voertuigverlichting overdag"
"Daytime running lights","voertuigverlichting overdag"
"DC","DC"
"DC charging","DC-laden"
"DC charging does not start","DC-laden begint niet"
"DC charging inlet","DC-laadingang"
"DC charging power","DC-laadvermogen"
"DCM","DCM"
"Deceleration and follow-up cruising","Afremmen en cruisecontrol"
"Deceleration Assist","Afremhulp"
"Deceleration stop phase","Rem-en-stopfase"
"Deck board","Afdekplank"
"Deck under tray","Bak onder vloer van bagageruimte"
"DEEP SNOW•MUD Mode","Modus DIEPE SNEEUW/MODDER"
"Default","standaard"
"Default setting","Standaardinstelling"
"Defensive driving","Defensief rijden"
"Definition of symbols","Definitie van symbolen"
"Defogger","Ontwaseming"
"Defogging the mirrors","Ontwasemen van de spiegels"
"Defogging the rear window and outside rear view mirrors","Ontwasemen van de achterruit en buitenspiegels"
"Defogging the windshield","Ontwasemen van de voorruit"
"delegue.protectiondonnees@toyota-europe.com","delegue.protectiondonnees@toyota-europe.com"
"Description","Beschrijving"
"DESCRIPTION OF THE ECALL IN-VEHICLE SYSTEM","BESCHRIJVING VAN HET ECALL-SYSTEEM IN DE AUTO"
"Description of the operation and the functionalities of the TPS system/added value service","Beschrijving van de werking en functies van het TPS-systeem/dienst die toegevoegde waarde biedt"
"DESCRIPTION OF THE SUBARU Care IN-VEHICLE SYSTEM","BESCHRIJVING VAN HET SUBARU Care-SYSTEEM IN DE AUTO"
"Detail information for child restraint systems installation","Gedetailleerde informatie voor het bevestigen van een kinderzitje"
"Details/Actions","Details/handelingen"
"Detectable objects","Detecteerbare objecten"
"Detection areas of approaching vehicles","Detectiegebieden voor naderende voertuigen"
"Detection range","Detectiebereik"
"Detection range of the sensors","Detectiebereik van de sensoren"
"Detection sensitivity","Detectiegevoeligheid"
"Dial position","Stand van draaiknop"
"Digital audio players","Digitale audiospelers"
"digital inner mirror","digitale binnenspiegel"
"digital mirror mode","digitale spiegelmodus"
"Digital mirror mode operating condition","Voorwaarden voor de werking van de digitale spiegelmodus"
"Diluting washer fluid","Ruitensproeiervloeistof verdunnen"
"Dim/Bright","Dim/helder"
"Dimension","Afmetingen"
"Dimensions and weights","Maten en gewichten"
"Disabling the TRC system","De tractieregeling uitschakelen"
"Disc wheel","Schijfwiel"
"Discharging","Ontladen"
"Display","Display"
"Display and menu icons","Display en menupictogrammen"
"Display contents","Weergave-inhoud"
"Display Function","Weergavefunctie"
"Display items","Weergaveonderdelen"
"Display off button","Scherm uit-knop"
"Display range","Weergavebereik"
"Display settings","Weergave-instellingen"
"Displayed value","Weergegeven waarde"
"Displays the average vehicle speed since the display was reset","Geeft de gemiddelde rijsnelheid weer sinds de weergave is gereset"
"Displays the distance driven since EV system start","Geeft de gereden afstand weer sinds het EV-systeem is gestart"
"Displays the distance driven since the display was reset","Geeft de gereden afstand weer sinds de weergave is gereset"
"Displays the elapsed time since EV system start","Geeft de verstreken tijd weer sinds het EV-systeem is gestart"
"Displays the elapsed time since the display was reset","Geeft de verstreken tijd weer sinds de weergave is gereset"
"Displays the vehicle speed","Geeft de rijsnelheid weer"
"Displays warning messages if a malfunction occurs","Geeft een waarschuwing als een storing optreedt"
"Distance","Afstand"
"Distance until next engine oil change","Afstand tot volgende motorolieverversing"
"Distilled water","Gedestilleerd water"
"Do-it-yourself maintenance","Doe-het-zelf-onderhoud"
"Do-it-yourself service precautions","Voorzorgsmaatregelen voor doe-het-zelf-onderhoud"
"Door lock","Portiervergrendeling"
"Door lock linked window operation","Aan portiervergrendeling gekoppelde werking van de ruiten"
"door lock switch","schakelaar voor portiervergrendeling"
"door lock switches","schakelaars voor portiervergrendeling"
"Door trim ornament lights","Verlichting van sierbekleding van portier"
"Doors","portieren"
"Double locking system","Dubbel vergrendelingssysteem"
"Double locking system precaution","Voorzorgsmaatregel voor het dubbelevergrendelingssysteem"
"Downhill assist control system indicator","Indicatielampje Downhill Assist Control-systeem"
"dpcp@toyota.hr","dpcp@toyota.hr"
"dpcp@toyota.si","dpcp@toyota.si"
"Drawbar load","Belasting van de trekbalk"
"DRCC","DRCC"
"Drive-Start Control","regeling voor starten van aandrijving"
"Drive Connect","Drive Connect"
"Drive distance","Gereden afstand"
"Drive Info","Rij-informatie"
"Drive Info Items","Items van rij-informatie"
"Drive Info Type","Type rij-informatie"
"Drive information","Rij-informatie"
"Drive information items","Rij-informatieonderdelen"
"Drive information type","Rij-informatietype"
"Drive mode cancellation","Rijmodus uitschakelen"
"Drive mode select switch","Schakelaar voor rijmodusselectie"
"Drive mode select switch Operation","Bediening van schakelaar voor rijmodusselectie"
"Drive shaft boots","Aandrijfashoezen"
"Driver","Bestuurder"
"Driver airbag","Airbag bestuurder"
"Driver and front passenger","Bestuur en voorpassagier"
"Driver break suggestion","Pauzesuggestie voor bestuurder"
"Driver distraction","Afleiding van de bestuurder"
"Driver monitor","Bestuurderscamera"
"Driver monitor camera","Bestuurderscamera"
"Driver Monitor support function","Ondersteuningsfunctie van bestuurderscamera"
"Driver’s and front passenger’s seat belt reminder light","Herinneringslampje veiligheidsgordel bestuurder en voorpassagier"
"Driver’s and front passenger’s seat belt warning buzzer","Waarschuwingszoemer veiligheidsgordel bestuurder en voorpassagier"
"Driver’s door","Bestuurdersportier"
"Driver’s door linked door unlocking function","Aan bestuurdersportier gekoppelde functie voor portierontgrendeling"
"Driver’s seat position memory","Bestuurdersstoelpositiegeheugen"
"Driving assist information","Rijhulpinformatie"
"Driving assist information indicator","Indicatielampje rijhulpinformatie"
"Driving assist mode select switch","Keuzeschakelaar rijhulpmodus"
"Driving assist switch","Rijhulpschakelaar"
"Driving assist systems","Rijhulpsystemen"
"Driving in the rain","Rijden in de regen"
"Driving information display","Weergave van rij-informatie"
"Driving mode select switch","Keuzeschakelaar rijmodus"
"Driving on rough roads","Rijden op slecht wegdek"
"Driving position","Rijpositie"
"Driving position memory","Rijpositiegeheugen"
"Driving position memory switches","Schakelaars voor rijpositiegeheugen"
"Driving position recall","Oproepen van rijpositie"
"Driving position registration","Opslaan van rijpositie"
"Driving procedure","Rijprocedure"
"Driving procedures","Rijprocedures"
"Driving range","Actieradius"
"Driving support system information","Informatie over rijhulpsystemen"
"Driving support system information display","Weergave van informatie over rijhulpsystemen"
"Driving support system status display area","Weergavegebied voor de status van rijhulpsystemen"
"Driving the vehicle","Rijden met de auto"
"Driving tips","Rijtips"
"Driving to spread the liquid sealant evenly","Rijden om het vloeibare afdichtmiddel gelijkmatig te verdelen"
"Driving with snow tires","Rijden met winterbanden"
"Driving with tire chains","Rijden met sneeuwkettingen"
"During customization","Tijdens het aanpassen van instellingen"
"During setting up the display","Tijdens het instellen van het display"
"Dusty road driving","Stoffige wegen"
"Dynamic radar cruise control","Dynamische cruisecontrol met radar"
"Dynamic radar cruise control indicator","Indicatielampje dynamische cruisecontrol met radar"
"Dynamic radar cruise control system warning messages and buzzers","Waarschuwingsmeldingen en -zoemers van de dynamische cruisecontrol met radar"
"dynamic radar cruise control with full-speed range","Dynamische cruisecontrol met radar voor het volledige snelheidsbereik"
"Dynamic Radar Cruise Control with Road Sign Assist","Dynamische cruisecontrol met radar en verkeersbordherkenning"
"e-Transaxle fluid","e-Transaxle-vloeistof"
"e-Transaxle Fluid TE","e-Transaxle Fluid TE"
"Earlier","eerdere"
"Early","vroeg"
"ECB operating sound","Werkingsgeluid van ECB"
"Eco air conditioning mode","Eco-airconditioningsmodus"
"Eco drive mode","Eco-rijmodus"
"Eco drive mode indicator","Indicatielampje eco-rijmodus"
"Eco mode","Eco-modus"
"EDSS","EDSS"
"Effective range","Effectief bereik"
"Elapsed time","Verstreken tijd"
"Electric cooling fan","Elektrische koelventilator"
"electric motor","Elektromotor"
"Electric motor speed","Toerental van elektromotor"
"Electric power steering","Elektrische stuurbekrachtiging"
"Electric Power Steering system","elektrische stuurbekrachtiging"
"Electric power steering system warning light","Waarschuwingslampje elektrische stuurbekrachtiging"
"Electric Vehicle system","Elektrisch-voertuigsysteem"
"Electric Vehicle system features","Kenmerken van het elektrisch-voertuigsysteem"
"Electric Vehicle system precautions","Voorzorgsmaatregelen voor het elektrisch-voertuigsysteem"
"Electrical leakage detection function","Functie voor lekstroomdetectie"
"Electrical system","Elektrisch systeem"
"Electricity consumption","Elektriciteitsverbruik"
"Electricity Supply Unit","Elektrischevoedingseenheid"
"Electromagnetic waves","Elektromagnetische golven"
"Electronic key","Elektronische sleutel"
"Electronic key battery","Batterij van de elektronische sleutel"
"Electronic key battery depletion","Leegraken van de batterij van de elektronische sleutel"
"Electronic sunshade","Elektronisch zonnescherm"
"Electronic sunshade switch","Schakelaar voor elektronisch zonnescherm"
"Electronically Controlled Brake System","elektronisch geregeld remsysteem"
"Emergency assistance","Noodhulp"
"Emergency brake signal","Noodremsignaal"
"Emergency Driving Stop System","Nooduitschakeling aandrijving"
"Emergency flasher switch","Schakelaar voor alarmknipperlichten"
"Emergency flashers","Alarmknipperlichten"
"Emergency flashers switch","Schakelaar voor alarmknipperlichten"
"Emergency locking retractor","Oprolmechanisme met noodvergrendeling"
"Emergency measures regarding electrolyte","Noodmaatregelen met betrekking tot elektrolyt"
"Emergency Notification Services","Noodmeldingsdiensten"
"Emergency release lever","Hendel voor noodontgrendeling"
"Emergency repair procedure","Procedure voor noodreparaties"
"Emergency shut off system","Systeem voor nooduitschakeling"
"Emergency start function","Noodstartfunctie"
"Emergency steering assist","Noodstuurassistentie"
"Emergency stop of the EV system","Noodstop van het EV-systeem"
"emergency tire puncture repair kit","Noodreparatieset voor een lekke band"
"Emergency tire puncture repair kit components","Onderdelen van de noodreparatieset voor een lekke band"
"Emergency towing","Slepen in noodsituaties"
"Emergency towing procedure","Procedure voor slepen in noodsituaties"
"EN 62196-2","EN 62196-2"
"EN 62196-3","EN 62196-3"
"Enabling the system","Het systeem inschakelen"
"Enabling/disabling the Parking Support Brake","In-/uitschakelen van het remmen tijdens parkeren"
"End of prohibition","Einde van verboden"
"Engine coolant temperature gauge","Temperatuurmeter motorkoelvloeistof"
"English","Engels"
"Enter/Set","Enter/instellen"
"Entry functions","Toegangsfuncties"
"EPS operation sound","Geluid van werking van EPS (elektrische stuurbekrachtiging)"
"Error warning indicator","Waarschuwingslampje voor foutmelding"
"Essential information","Essentiële informatie"
"Estonia","Estland"
"ESU","ESU"
"EV system","EV-systeem"
"EV system does not start after DC charging","EV-systeem start niet na het DC-laden"
"EV system output","Vermogen van EV-systeem"
"EV system output restriction control","Regeling voor vermogensbeperking van EV-systeem"
"EV system overheating","Oververhitting van het EV-systeem"
"Event data recorder","gebeurtenisdatarecorder"
"Example","Voorbeeld"
"Example of the displayed regulation number","Voorbeeld van het weergegeven richtlijnnummer"
"Examples of function operation","Voorbeelden van activering van de functie"
"Examples of system operation","Voorbeelden van activering van het systeem"
"Excess speed notification function","Waarschuwingsfunctie voor overschrijden van snelheidslimiet"
"Excess speed notification level","Snelheid waarmee de snelheidslimiet wordt overschreden waarbij wordt gewaarschuwd"
"Excess speed notification method","Waarschuwingsmethode voor overschrijding van snelheidslimiet"
"Excessive tire squeal when cornering","Overmatig bandengeluid in bochten"
"Excessive wear","Overmatige slijtage"
"exhaust fumes","uitlaatrook"
"Exit ramp on left","Afrit links"
"Exit ramp on right","Afrit rechts"
"Explains symbols used in this manual","Verklaart symbolen die worden gebruikt in deze handleiding"
"Expressway","Autoweg"
"Expressway exit","Eind autoweg"
"Extended Headlight Lighting system","Follow-me-home-verlichting"
"Extended Resume Time","Verlengde hervattingstijd"
"Exterior","Buitenkant"
"External power source","Externe voedingsbron"
"Face Authentication","Gezichtsauthenticatie"
"Face identification","Gezichtsherkenning"
"Fall-down protection function","Beveiligingsfunctie tegen vallen"
"Fan speed control switch","Schakelaar voor ventilatortoerental"
"Fast","Snel"
"Fastening and releasing the seat belt","Vastmaken en losmaken van de veiligheidsgordel"
"Favorite settings","Favoriete instellingen"
"FCTA system control","FCTA-systeemcontrole"
"Features","Kenmerken"
"FHL","FHL"
"Fine adjustment","Fijnafstelling"
"Finland","Finland"
"Fitting tire chains","Sneeuwkettingen aanbrengen"
"Fixation","Bevestiging"
"Fixed with a seat belt","bevestigd met een veiligheidsgordel"
"Fixed with an ISOFIX lower anchorage","Bevestigd met een ISOFIX-bevestiging aan de onderkant"
"Fixing the top strap to the top tether anchorage","Bevestigen van de bovenste band aan het “top tether”-bevestigingspunt"
"Fixture","Bevestiging"
"flags","vlaggen"
"Flashes normally","Knippert normaal"
"Flashes rapidly","Knippert snel"
"Flat tire","Lekke band"
"Flathead screwdriver","Platte schroevendraaier"
"Fluid","Vloeistof"
"Fluid capacity","Vloeistofcapaciteit"
"Fluid type","Vloeistoftype"
"Fog light switch","Schakelaar voor mistlichten"
"Fog lights","Mistlichten"
"Fog lights can be used when","Mistlichten kunnen gebruikt worden wanneer"
"Folding and extending the mirrors","In- en uitklappen van de spiegels"
"Folding down the rear seatbacks","Neerklappen van de rugleuningen van de achterstoelen"
"Folding the mirrors","Inklappen van de spiegels"
"Footwell lights","Voetlichten"
"for driver’s side","aan bestuurderszijde"
"For safe driving","Om veilig te rijden"
"For safe use","Voor veilig gebruik"
"For safety and security","Veiligheid en beveiliging"
"for terminal clamp bolts","voor klembouten van aansluitingen"
"For vehicles with navigation system","Voor auto’s met navigatiesysteem"
"For your information","Ter informatie"
"For your safety","Voor uw veiligheid"
"Foreign substance detection:","Detectie van vreemd voorwerp:"
"France","Frankrijk"
"Free play","Vrije slag"
"Free/Open Source Software Information","Informatie over vrije/open source-software"
"Front","Vóór"
"front bumper","Voorbumper"
"Front bumper","Voorbumper"
"Front camera","Camera aan de voorkant van de auto"
"Front camera detection","Detectie door de camera aan de voorkant van de auto"
"Front camera installation area on the windshield","Installatiegebied van de camera aan de voorkant van de auto op de voorruit"
"Front center sensor","Sensor vóór in het midden"
"Front center sensor detection","Detectie van sensoren middenvoor"
"Front center sensors","Sensoren middenvoor"
"Front corner sensor detection","Detectie van sensoren voorhoeken"
"Front corner sensors","Sensoren voorhoeken"
"Front crossing traffic alert","waarschuwing bij voorlangs kruisend verkeer"
"Front door panels","Voordeurpanelen"
"Front door speakers","Luidsprekers voorportier"
"Front door trim","Voordeurbekleding"
"Front eAxle","eAxle vóór"
"Front eAxle fluid type","Vloeistoftype voor eAxle vóór"
"Front electric motor","Elektromotor vóór"
"front fender","Voorspatbord"
"Front fender","Voorspatbord"
"Front fog light indicator","Indicatielampje mistkoplampen"
"Front fog lights","Mistkoplampen"
"Front impact sensors","Botssensoren vóór"
"Front interior lights","Interieurverlichting vóór"
"Front passenger airbag","Airbag voor voorpassagier"
"Front pillars","Voorstijlen"
"Front position lights","Parkeerlichten vóór"
"Front radar sensor","Radarsensor vóór"
"Front right-hand","Rechtsvoor"
"Front Seat Center AirBag","Airbag midden tussen de voorstoelen"
"Front Seat Center AirBag operating conditions","Voorwaarden voor activering van de airbag midden tussen de voorstoelen"
"Front seat concentrated airflow mode (S-FLOW)","Modus voor geconcentreerde luchtstroom voor de voorstoelen (S-FLOW)"
"Front seat concentrated airflow mode (S-FLOW) switch","Schakelaar voor modus voor geconcentreerde luchtstroom voor de voorstoelen (S-FLOW)"
"Front seats","Voorstoelen"
"Front side radar sensors","Zijradarsensoren vóór"
"Front side sensors","Zijsensoren vóór"
"Front turn signal lights","Richtingaanwijzers vóór"
"Fuel economy","Brandstofverbruik"
"Fuel Economy","Brandstofverbruik"
"Fuel gauge","Brandstofmeter"
"Full","Vol"
"Full-height, forward-facing child restraint systems","Naar voren gerichte kinderzitjes met volledige hoogte"
"Full-size, rearward-facing child restraint systems","Naar achteren gerichte kinderzitjes van volledig formaat"
"Full luggage loading","Bagageruimte vol"
"Function","Functie"
"Funnel","Trechter"
"Fuse box","Zekeringenkastje"
"Fuse with same amperage rating as original","Zekering met dezelfde nominale ampèrage als de originele"
"Fuses","Zekeringen"
"Gauges","Meters"
"Gauges and meters","Tellers en meters"
"Gauges, meters and multi-information display","Tellers, meters en het multi-informatiedisplay"
"General airbag precautions","Algemene voorzorgsmaatregelen voor airbags"
"General precaution regarding children’s safety","Algemene voorzorgsmaatregelen voor de veiligheid van kinderen"
"General precautions while driving","Algemene voorzorgsmaatregelen tijdens het rijden"
"GENUINE SUPER LONG LIFE COOLANT (PINK)","GENUINE SUPER LONG LIFE COOLANT (PINK) «ORIGINELE KOELVLOEISTOF MET SUPER LANGE LEVENSDUUR (ROZE)»"
"Germany","Duitsland"
"gestaodadospessoais@toyotacaetano.pt","gestaodadospessoais@toyotacaetano.pt"
"Global Warming Potential","aardopwarmingsvermogen"
"Gratings and gutters","Roosters en goten"
"Gravel roads","Grindwegen"
"Gray","Grijs"
"Grease","Smeervet"
"Great Britain","Groot-Brittannië"
"Greece","Griekenland"
"Green","Groen"
"Grey","Grijs"
"Grip control","Grip Control"
"Grip control indicator","Indicatielampje Grip Control"
"Grip control Operations","Werking van Grip Control"
"Grip control Operations Conditions","Voorwaarden voor gebruik van Grip Control"
"Grip control set speed indicator","Indicatielampje ingestelde snelheid van Grip Control"
"Grip control switch","Grip Control-schakelaar"
"Gross Vehicle Mass","Brutovoertuiggewicht"
"Grounding","Aarding"
"Grounding precautions","Voorzorgsmaatregelen voor aarding"
"guardrail","vangrail"
"Guest","Gast"
"Guidance","Advies"
"Guide line","Geleidingslijn"
"Guide line display mode","Displaymodus van de geleidingslijnen"
"Guide message","Geleidingsmelding"
"Guide pin","Geleidepen"
"Guide to dial settings","Richtlijnen voor instelling van de draaiknop"
"Hand warmers made of metal","Metalen handwarmers"
"Handling method","Methode om hiermee om te gaan"
"Handling of the 12-volt battery","Hanteren van de 12V-batterij"
"Handling of tires and the suspension","Hanteren van banden en de ophanging"
"Handling the child restraint system","Hanteren van het kinderzitje"
"Handling the seat belts","Hanteren van de veiligheidsgordels"
"Hands off steering wheel warning","Waarschuwing handen van stuur"
"Hands off steering wheel warning operation","Werking van waarschuwing handen van stuur"
"Head-up display","Head-up-display"
"Head restraint","Hoofdsteun"
"Head restraint precautions","Voorzorgsmaatregelen voor hoofdsteun"
"Head restraints","Hoofdsteunen"
"heading-up display","head-up-display"
"Headlight cleaners","Koplampreinigers"
"Headlight control sensor","Sensor voor koplampregeling"
"Headlight high beam indicator","Indicatielampje grootlicht"
"Headlight leveling dial","Draaiknop voor koplampnivellering"
"Headlight switch","Schakelaar voor koplampen"
"Headlights","Koplampen"
"Hearing the RCTA buzzer","Hoorbaarheid van de RCTA-zoemer"
"Heated steering wheel","Stuurverwarming"
"Heater coolant","Koelvloeistof van de verwarming"
"Heater coolant level","Koelvloeistofniveau voor de verwarming"
"Heater coolant reservoir","Koelvloeistofreservoir voor de verwarming"
"Heater system","Verwarmingssysteem"
"Heaters","Verwarmingen"
"High-voltage precautions","Voorzorgsmaatregelen voor hoogspanning"
"High pressure car washes","Hogedrukwasstraten"
"High speed operation","Hoge snelheid"
"High voltage cables","Hoogspanningskabels"
"Hill-start assist control","Hill-Start Assist Control (assistentie bij wegrijden op een helling)"
"Hill-start assist control does not operate effectively when","Wanneer Hill-Start Assist Control (assistentie bij wegrijden op een helling) niet effectief werkt"
"Hold-down clamp","Bevestigingsklem"
"hood","motorkap"
"hood lock release lever","hendel voor ontgrendeling van motorkap"
"Hook","Haak"
"Hooks","Haken"
"Horn","Claxon"
"Hose","Slang"
"Hour","Uur"
"How to change between wheel sets","Wisselen tussen wielsets"
"How to change the unit","Veranderen van de meeteenheid"
"How to charge your vehicle","Het opladen van uw auto"
"How to registration ID code","Id-codes registreren"
"How to search","Zoeken"
"How to set the DC charging power","Het instellen van de DC-laadstroom"
"How to use AC charging","Hoe AC-laden werkt"
"How to use DC charging","Hoe DC-laden werkt"
"How to wear your seat belt","Het dragen van een veiligheidsgordel"
"How your child should wear the seat belt","Het dragen van een veiligheidsgordel door uw kind"
"Hybrid System Indicator","Indicatielampje hybride systeem"
"Hybrid system overheat","Oververhitting van het hybride systeem"
"i-Size seating position","Stoelpositie voor i-Size"
"Ice","Gladheid"
"Iceland","IJsland"
"Icon","Pictogram"
"Icon display area","Gebied voor weergave van pictogrammen"
"Icons","Pictogrammen"
"Identification","Identificatie"
"identification label","Identificatie-etiket"
"Identification label","Identificatie-etiket"
"Identification number","Identificatienummer"
"If a warning light turns on or a warning buzzer sounds","Als een waarschuwingslampje gaat branden of een waarschuwingszoemer klinkt"
"If a warning message is displayed","Als een waarschuwingsmelding wordt weergegeven"
"If equipped","Indien aanwezig"
"If the 12-volt battery is discharged","Als 12V-batterij is ontladen"
"If the electronic key does not operate properly","Als de elektronische sleutel niet naar behoren werkt"
"If the vehicle becomes stuck","Als de auto vast komt te zitten"
"If you have a flat tire","Als uw auto een lekke band heeft"
"If you lose your keys","Bij verlies van uw sleutels"
"If you notice any symptoms","Als u symptomen opmerkt"
"If you think something is wrong","Als u denkt dat er iets mis is"
"If your vehicle becomes stuck","Als uw auto vast komt te zitten"
"If your vehicle has to be stopped in an emergency","Als uw auto moet worden gestopt bij een noodsituatie"
"If your vehicle needs to be towed","Als uw auto moet worden gesleept"
"If your vehicle overheats","Als uw auto oververhit raakt"
"Ignition switch","Contactschakelaar"
"Illuminated entry system","Systeem voor instapverlichting"
"Illumination","Verlichting"
"Illustration Number","Afbeeldingsnummer"
"Images from the cameras","Beelden van de camera’s"
"Immobilizer system","Startonderbrekersysteem"
"Impact detection door lock release system","Portierontgrendelsysteem bij botsdetectie"
"Implementing Regulation","Implementatie van richtlijn"
"Implementing Regulation Annex1 PART3 User Information","Implementatie van Richtlijn Annex1 DEEL3 Gebruikersinformatie"
"Important points of the wireless charger","Belangrijke opmerkingen voor de draadloze lader"
"Important points regarding stability","Belangrijke punten met betrekking tot stabiliteit"
"Important points regarding trailer loads","Belangrijke punten met betrekking tot lading van een aanhanger"
"Important points regarding turning","Belangrijke punten met betrekking tot bochten nemen"
"Important points while driving","Belangrijke punten tijdens het rijden"
"Importer Information","Informatie over importeur"
"Inappropriate pedal operation warning light","Waarschuwingslampje onjuiste pedaalbediening"
"Increase Speed","Snelheid verhogen"
"Increasing vehicle-to-vehicle distance","De afstand tussen voertuigen vergroten"
"Index","Index"
"Indication to prevent misplacement in the rear seat","Indicatie om onjuiste positionering in de achterstoel te voorkomen"
"Indicator","Indicatielampje"
"Indicator lights","Indicatielampjes"
"Indicator operation","Werking van indicatielampjes"
"Indicators","Indicatielampjes"
"Induction cookers","Inductiekookplaten"
"Inflation pressure","Bandenspanning"
"info@toyota.ch","info@toyota.ch"
"INFORMATION ON DATA PROCESSING","INFORMATIE OVER GEGEVENSVERWERKING"
"INFORMATION ON THIRD PARTY SERVICES AND OTHER ADDED VALUE SERVICES (IF FITTED)","INFORMATIE OVER DIENSTEN VAN DERDEN EN ANDERE DIENSTEN DIE TOEGEVOEGDE WAARDE BIEDEN (INDIEN AANWEZIG)"
"Information on what to do in case of a flat tire","Informatie over wat u moet doen bij een lekke band"
"Information symbols","Informatiesymbolen"
"Information tag","Informatielabel"
"Initialization","Initialisatie"
"Initializing","Initialiseren"
"Inside door handle lights","Verlichting in binnenhandgrepen van de portieren"
"Inside lock buttons","Vergrendelknoppen aan de binnenkant"
"Inside rear view mirror","Binnenspiegel"
"Inspect","Inspecteren"
"Installation method","Bevestigingsmethode"
"Installation of an RF-transmitter system","Aanbrengen van een RF zendsysteem"
"Installation with ISOFIX lower anchorage","Aanbrengen met ISOFIX-bevestigingen aan de onderkant"
"Installing child restraint system using a seat belt","Aanbrengen van een kinderzitje bevestigd met een veiligheidsgordel"
"Installing child restraints","Aanbrengen van kinderzitjes"
"Installing floor mats","Vloermatten aanbrengen"
"Installing the head restraints","Aanbrengen van de hoofdsteunen"
"Installing the tire","Aanbrengen van het wiel"
"Installing tire pressure warning valves and transmitters","Ventielen en zenders voor waarschuwing voor de bandenspanning aanbrengen"
"Installing towing eyelets to the vehicle","Sleepogen aanbrengen op de auto"
"Instructions for checking tire inflation pressure","Instructies voor het controleren van de bandenspanning"
"Instructions for manual activation of the system","Instructies voor handmatige activering van het systeem"
"Instrument cluster","Instrumentenpaneel"
"Instrument panel","Instrumentenpaneel"
"Instrument panel light control","Regeling van de verlichting van het instrumentenpaneel"
"Instrument panel light control switches","Schakelaars voor de verlichting van het instrumentenpaneel"
"Intelligent Assistant","Intelligent Assistant"
"Interior","Interieur"
"Interior features","Interieurkenmerken"
"Interior light","Interieurverlichting"
"Interior lights","Interieurverlichting"
"Interior lights list","Lijst van interieurverlichting"
"Intermediate","gemiddeld"
"Intersection collision avoidance support","Hulp bij het voorkomen van botsingen op kruispunten"
"Intrusion sensor","Inbraaksensor"
"Intrusion sensor and tilt sensor","Inbraaksensor en kantelsensor"
"Intrusion sensor and tilt sensor cancel switch","Schakelaar voor uitschakeling van inbraaksensor en kantelsensor"
"Intrusion sensor cancel switch","Schakelaar voor uitschakeling van inbraaksensor"
"Intrusion sensor detection considerations","Aandachtspunten voor detectie door de inbraaksensor"
"Inverter","omvormer"
"IP67","IP67"
"Ireland","Ierland"
"ISO fixture","ISO-bevestiging"
"ISOFIX child restraint system","ISOFIX-kinderzitje"
"ISOFIX lower anchorage","ISOFIX-bevestiging aan de onderkant"
"ISOFIX lower anchorage attachment","Bevestiging van onderste ISOFIX-punten"
"ISOFIX lower anchorages","ISOFIX-bevestigingen aan de onderkant"
"Italy","Italië"
"Item","Item"
"Items to check before locking the vehicle","Punten die moeten worden gecontroleerd voordat u de auto vergrendelt"
"Items to initialize","Items die moeten worden geïnitialiseerd"
"Items to prepare","Wat u moet klaarleggen"
"Jack","Krik"
"Jack handle","Krikhandgreep"
"Jam protection function","Beveiligingsfunctie tegen beknelling"
"JSS MAXI PLUS","JSS MAXI PLUS"
"Junior seat","Peuterzitje"
"Key information","Informatie over sleutels"
"Key linked functions","Aan de sleutel gekoppelde functies"
"Key number plate","Sleutelnummerplaatje"
"Keyless entry","Keyless Entry"
"Keys","Sleutels"
"Kick in buzzer","Kick-in zoemer"
"Kick Sensor","Trapsensor"
"KIDFIX 2S","KIDFIX 2S"
"KIDFIX i-SIZE","KIDFIX i-SIZE"
"klient@toyota.pl","klient@toyota.pl"
"L1","L1"
"L2","L2"
"Landing hard or falling","Hard landen of vallen"
"Lane Change Assist","rijstrookassistent"
"Lane Departure Alert","Waarschuwing bij verlaten van rijstrook"
"Lane departure alert function","Functie voor waarschuwing bij verlaten van rijstrook"
"Lane Departure Alert system","Functie voor waarschuwing bij verlaten van rijstrook"
"Lane departure prevention function","Functie voor voorkomen van verlaten van rijstrook"
"Lane display","Rijstrookweergave"
"Lane Tracing Assist","rijstrookassistent"
"Language","Taal"
"Large adjustment","Grote aanpassing"
"Late","Laat"
"Later","Later"
"LCA display","LCA-display"
"LDA indicator","Indicatielampje LDA"
"LDA OFF indicator","Indicatielampje LDA UIT"
"LED lights","Ledverlichting"
"LED Lights","Ledverlichting"
"Left-hand drive vehicles","Auto’s met stuur links"
"Left-hand side temperature control switch","Schakelaar voor temperatuurregeling links"
"Left lateral-facing infant seat","Naar links gericht babyzitje"
"Left side instrument panel","Instrumentenpaneel links"
"Left turn","Links afslaan"
"Lever","Hendel"
"License plate lights","Kentekenverlichting"
"Lid lifter","Kleplichter"
"Light bulbs","Lampjes"
"Light bulbs of the exterior lights for driving","Lampjes van rijverlichting"
"Light reminder buzzer","Zoemer ter herinnering aan verlichting"
"Light sensor sensitivity","Gevoeligheid van de lichtsensor"
"Light switch","Verlichtingsschakelaar"
"Light switches","Verlichtingsschakelaars"
"Lighting conditions of operation indicator light","Status van indicatielampje voor werking"
"Likely cause","Waarschijnlijke oorzaak"
"Linked mirror function when reversing","Functie gekoppelde spiegels bij achteruitrijden"
"Linked to operation of the power switch","Gekoppeld aan bediening van de contactschakelaar"
"Liquid crystal display","Lcd-scherm"
"List of storage features","Lijst van opslagvoorzieningen"
"Lithium-ion battery","Lithium-ionbatterij"
"Lithium battery CR2450","Lithiumbatterij CR2450"
"Load and distribution","Lading en verdeling"
"Location","Locatie"
"Location of air outlets","Locatie van luchtroosters"
"Location of the emergency tire puncture repair kit and tools","Locatie van de noodreparatieset voor een lekke band en gereedschap"
"Location of the interior lights","Locatie van de interieurverlichting"
"Location of the jack point","Locatie van het krikpunt"
"Location of the SRS airbags","Locatie van de SRS-airbags"
"Location of the storage features","Locatie van de opslagvoorzieningen"
"Location of the tools","Locatie van het gereedschap"
"Locations of airbags","Locatie van airbags"
"Locations of gauges and meters","Locaties van tellers en meters"
"Lock","Vergrendelen"
"Locking and unlocking the AC charging connector","De AC-laadaansluiting vergrendelen en ontgrendelen"
"Locking and unlocking the doors","De deuren ontgrendelen en vergrendelen"
"Locking clip for child restraint system","Borgklem voor kinderzitje"
"Locking the charging connector","Vergrendelen van de laadaansluiting"
"Locking the front doors from the outside without a key","De voorportieren van buitenaf vergrendelen zonder sleutel"
"Locking/unlocking","Vergrendelen/ontgrendelen"
"Locking/unlocking by using the mechanical key","Vergrendelen/ontgrendelen met de mechanische sleutel"
"Locks all the doors","Vergrendelt alle deuren"
"Locks the door","Vergrendelt het portier"
"Long","Groot"
"Long press adjustment","Aanpassen door lang indrukken"
"Low","Laag"
"Low fuel level","Laag brandstofniveau"
"Low objects","Lage objecten"
"Low outside temperature indicator","Indicatielampje lage buitentemperatuur"
"Low speed operation","Lage snelheid"
"Low tire inflation pressure from flat tire","Lage bandenspanning door lekke band"
"Low tire inflation pressure from natural causes","Lage bandenspanning door natuurlijke oorzaken"
"Low washer fluid warning message","Waarschuwingsmelding voor laag ruitensproeiervloeistofniveau"
"Lower hook","Onderste haak"
"Lowers the level of the headlights","Stelt de koplampen naar beneden af"
"LTA (Lane-Tracing Assist) switch","LTA-schakelaar (Lane Tracing Assist, rijstrookassistent)"
"LTA (Lane Tracing Assist) switch","LTA-schakelaar (Lane Tracing Assist, rijstrookassistent)"
"LTA indicator","Indicatielampje LTA"
"LTA switch","LTA-schakelaar"
"Luggage compartment features","Voorzieningen in de bagageruimte"
"Luggage compartment light","Lampje van bagageruimte"
"luggage cover","Hoedenplank"
"Luggage load","Hoeveelheid bagage"
"Lumbar support adjustment switch","Schakelaar voor afstelling van lendensteun"
"Main Owner’s Manual","Hoofdgebruikershandleiding"
"Maintenance","Onderhoud"
"Maintenance and care","Onderhoud en verzorging"
"Maintenance data","Onderhoudsgegevens"
"MAINTENANCE ITEMS","ONDERHOUDSITEMS"
"Maintenance requirements","Onderhoudsvereisten"
"Maintenance schedule","Onderhoudsschema"
"Malfunction in the tire pressure warning system","Storing in het waarschuwingssysteem voor de bandenspanning"
"Manhole covers","Putdeksels"
"Manual Emergency Calls","Handmatige noodoproepen"
"Manual headlight leveling dial","Draaiknop voor handmatige koplampnivellering"
"Manual seat","Handbediende stoel"
"Mass groups","Massagroep"
"MAX","MAX."
"MAXI COSI","MAXI COSI"
"Maximum output","Maximumvermogen"
"Maximum permissible axle capacity","Maximaal toelaatbare asbelasting"
"Maximum permissible rear axle capacity","Maximaal toelaatbare achterasbelasting"
"Maximum torque","Maximumkoppel"
"Meanings","Betekenis"
"mechanical key","Mechanische sleutel"
"Mechanical key linked operation","Werking gekoppeld aan mechanische sleutel"
"Mechanical keys","Mechanische sleutels"
"Medium","Middelgroot"
"Memory recall function","Geheugenfunctie"
"Menu button","Menuknop"
"Menu icons","Menupictogrammen"
"Message","Melding"
"Metal plates","Metaalplaten"
"Metallic wallets or bags","Metalen portemonnees of tassen"
"Meter","Instrumentenpaneel"
"Meter control switches","Bedieningsschakelaars op het instrumentenpaneel"
"Meter display","Meterweergave"
"Meter display and multimedia information","Meterweergave en multimedia-informatie"
"Meters","Tellers"
"Microphone","Microfoon"
"Middle","Middelhoog"
"miles","mijl"
"Minimum vehicle speed","Minimale rijsnelheid"
"Mirror position memory","Spiegelpositiegeheugen"
"Mirrors","Spiegels"
"Mode 2 AC charging cable","AC-laadkabel Mode 2"
"Model","Model"
"Modification and disposal of airbags","Aanpassing en afvoer van airbags"
"Modification and disposal of SRS airbag system components","Aanpassing en afvoer van onderdelen van het SRS-airbagsysteem"
"Modifications to the vehicle’s suspension system","Aanpassing van de ophanging van de auto"
"Motor","Motor"
"Motor compartment","Motorruimte"
"Motorcycles","Motoren"
"Motorway","Autosnelweg"
"Motorway exit","Einde autosnelweg"
"Moving objects","Bewegende objecten"
"Multi-information display","Multi-informatiedisplay"
"Multi-information display operation","Procedure via het multi-informatiedisplay"
"Multimedia display","Multimediadisplay"
"Multimedia operation","Procedure via het multimediadisplay"
"multimedia system","Multimediasysteem"
"Multimedia system screen","Scherm van multimediasysteem"
"Multimedia system screen side","Scherm van multimediasysteem"
"Mute","Dempen"
"Muting a buzzer","Een zoemer dempen"
"Muting a buzzer temporarily","Een zoemer tijdelijk dempen"
"My Room Mode","My Room Mode"
"My Settings","Mijn instellingen"
"N/A","N.v.t."
"Navigation system","Navigatiesysteem"
"Navigation system-linked display","Weergave gekoppeld aan het navigatiesysteem"
"Near","Dichtbij"
"Negative (-) battery terminal","Minpool (-) van de batterij"
"Netherlands","Nederland"
"Neutral","Neutraal"
"New tread","Nieuw loopvlak"
"No-entry","Verboden in te rijden"
"No entry notification function","Waarschuwingsfunctie voor verboden in te rijden"
"No overtaking begins","Begin inhaalverbod"
"No overtaking ends","Einde inhaalverbod"
"Nominal voltage","Nominale spanning"
"Non-seat portions","Andere onderdelen dan de stoelen"
"None","Geen"
"Normal","Normaal"
"Normal driving","Normaal rijden"
"Normal fuse","Normale zekering"
"Normal mode","Normale modus"
"Norway","Noorwegen"
"Not applicable","Niet van toepassing"
"Not available","Niet beschikbaar"
"Not illuminated","Brandt niet"
"NOTE","OPMERKING"
"Note for checking the emergency tire puncture repair kit","Opmerking voor het controleren van de noodreparatieset voor een lekke band"
"Note for the entry function","Opmerking voor de toegangsfunctie"
"Notes when washing the vehicle","Opmerkingen bij het wassen van de auto"
"NOTICE","OPMERKING"
"Notification function","Meldingsfunctie"
"Number of consecutive door lock operations","Aantal opeenvolgende vergrendelingen van de deuren"
"Obstacle Anticipation Assist","Hulp bij anticiperen op obstakels"
"Occupancy and luggage load conditions","Bezetting en hoeveelheid bagage"
"Occupants","Inzittenden"
"odometer","Kilometerteller"
"Odometer","Kilometerteller"
"Odometer and trip meter display","Weergave van kilometerteller en dagtellers"
"Off-road driving","Off-road rijden"
"Off-road driving precautions","Voorzorgsmaatregelen voor off-road rijden"
"Onboard traction battery charger","Boordlader voor de tractiebatterij"
"Oncoming motorcycles","Tegemoetkomende motoren"
"Oncoming vehicle speed","Snelheid van tegenligger"
"Oncoming vehicles","Tegenliggers"
"One-touch closing","Sluiten met één aanraking"
"One-touch opening","Openen met één aanraking"
"Open door warning buzzer","Waarschuwingszoemer bij geopend portier"
"Open tray","Open bak"
"Open window","Ruit geopend"
"Opener","Schakelaar voor openen"
"Opening and closing the power windows","Openen en sluiten van de elektrisch bedienbare ruiten"
"Opening the hood","De motorkap openen"
"Opening, closing and locking the doors","Openen, sluiten en vergrendelen van de portieren"
"Opening/closing the back door","Openen/sluiten van de bagageklep"
"Opening/closing the side windows","Openen/sluiten van de zijruiten"
"Opens the windows","Opent de ruiten"
"Operating conditions","Voorwaarden voor de werking"
"Operating instructions","Instructies voor gebruik"
"Operating the lights and wipers","Bediening van de verlichting en ruitenwissers"
"Operation","Werking"
"Operation buzzer","Zoemer bij werking"
"Operation cancelation conditions","Voorwaarden voor uitschakeling van de werking"
"Operation display of steering wheel operation support","Weergave van werking van stuurondersteuning"
"Operation indicator light","Indicatielampje voor werking"
"Operation noises and vibrations","Geluid en trillingen bij werking"
"Operation of the RCTA function","Werking van de RCTA-functie"
"Operation signal (emergency flashers)","Signaal bij werking (alarmknipperlichten)"
"Operation signals","Signalen bij acties"
"Operation status of the driving assist systems","Werkingsstatus van de rijhulpsystemen"
"Operational symptoms","Symptomen in de werking"
"Optical mirror mode","Optische spiegelmodus"
"Option screen switch","Schakelaar voor optiescherm"
"orange","oranje"
"Other interior features","Andere interieurvoorzieningen"
"Other road signs","Overige verkeersborden"
"Outer foot lights","Buitenste voetlichten"
"Output restrictions reference display","Weergave van informatie over vermogensbeperkingen"
"outside rear view mirror defoggers","Ontwaseming voor de buitenspiegels"
"Outside rear view mirror indicator brightness","Lichtsterkte van de richtingaanwijzers op de buitenspiegels"
"Outside rear view mirror indicator visibility","Zichtbaarheid van de richtingaanwijzers op de buitenspiegels"
"Outside rear view mirror indicators","Richtingaanwijzers op de buitenspiegels"
"Outside rear view mirror switches","Schakelaars voor buitenspiegels"
"Outside rear view mirrors","Buitenspiegels"
"Outside rear view mirrors display","Weergave buitenspiegels"
"Outside temperature","Buitentemperatuur"
"Outside temperature display","Weergave van buitentemperatuur"
"Outside/recirculated air mode","Modus buitenlucht/gerecirculeerde lucht"
"Outside/recirculated air mode switch","Modusschakelaar buitenlucht/gerecirculeerde lucht"
"Overall height","Totale hoogte"
"Overall length","Totale lengte"
"Overall width","Totale breedte"
"Overheating","Oververhitting"
"Overtake prevention","Blokkeren van inhalen"
"Overtaking prevention function","Functie voor het blokkeren van inhalen"
"P position switch","Schakelaar voor de P-stand"
"Paddle shift switch","Schakelflipper"
"Paddle shift switches","Schakelflippers"
"Paddle switch","Schakelflipper"
"Paddle switches","Flippers"
"Panoramic view monitor","Scherm voor panoramische weergave"
"Panoramic View Monitor","Scherm voor panoramische weergave"
"Parked vehicles","Geparkeerde voertuigen"
"Parking brake","Parkeerrem"
"Parking brake automatic lock function","Functie voor automatisch inschakelen van parkeerrem"
"Parking brake automatic release function","Functie voor automatisch uitschakelen van parkeerrem"
"Parking brake engaged warning buzzer","Waarschuwingszoemer parkeerrem ingeschakeld"
"Parking brake indicator","Indicatielampje parkeerrem"
"Parking brake indicator light","Indicatielampje parkeerrem"
"Parking brake operation","Werking van de parkeerrem"
"Parking brake operation sound","Werkingsgeluid van de parkeerrem"
"Parking brake switch","Parkeerremschakelaar"
"Parking Support Brake","Remmen tijdens parkeren"
"Parking the vehicle","Parkeren"
"Parking the vehicle/starting the EV system","Parkeren van de auto/starten van het EV-systeem"
"Partial","Gedeeltelijk"
"Particle filter","Deeltjesfilter"
"Parts and tools","Onderdelen en gereedschap"
"Passenger detection functions","Functies voor passagierdetectie"
"passenger seat only","alleen passagiersstoel"
"Passing other vehicles","Passeren van andere voertuigen"
"PCS-linked control","PCS-gekoppelde controle"
"PCS-linked seat belt pretensioner control","Regeling van gordelspanner bij veiligheidsgordel gekoppeld aan PCS"
"PCS warning light","PCS-waarschuwingslampje"
"PDA indicator","PDA-indicatielampje"
"Pedal clearance","Hoogte van pedaal boven vloer"
"Pedal free play","Vrije slag van pedaal"
"Pedestrian detection icon","Pictogram voor voetgangerdetectie"
"Pedestrians","Voetgangers"
"Pedestrians Rear of the Vehicle","Voetgangers aan achterkant van de auto"
"People suffering illness","Mensen met een aandoening"
"Permanent magnet synchronous motor","Synchroonmotor met permanente magneet"
"Permissible drawbar load","Toegestane belasting van de trekbalk"
"Personal computers","Pc’s"
"Personal lights","Persoonlijke verlichting"
"Persons who are fatigued","Vermoeide personen"
"Persons with sensitive skin","Personen met een gevoelige huid"
"personuvernd@toyota.is","personuvernd@toyota.is"
"personvern@toyota.no","personvern@toyota.no"
"Pictorial index","Afbeeldingsindex"
"PKSB (Parking Support Brake) function","Functie PKSB (remmen tijdens parkeren)"
"PKSB (Parking Support Brake) system","PKSB-systeem (remmen tijdens parkeren)"
"Plated portions","Onderdelen bedekt met platen"
"Plug","Stekker"
"Plug-cord","Netsnoer"
"Points to remember","Aandachtspunten"
"Poland","Polen"
"Pollen removal type","Pollenfilter"
"Poor handling","Slechte rijeigenschappen"
"Pop-up display","Pop-upscherm"
"Portable game systems","Draagbare spelcomputers"
"Portugal","Portugal"
"Position memory switches","Schakelaars voor positiegeheugen"
"Positioning a floor jack","Plaatsen van een krik"
"Positive (+) battery terminal","Pluspool (+) van de batterij"
"Possibility of blowouts resulting from overheated tires","Risico op klapbanden door oververhitting"
"Power (ignition) switch","Contactschakelaar"
"Power area","Vermogensgedeelte"
"Power back door","Elektrisch bedienbare bagageklep"
"Power back door opener and closer","Mechanisme voor openen en sluiten van elektrisch bedienbare bagageklep"
"Power back door opener and closer switch","Schakelaar voor openen en sluiten van elektrisch bedienbare bagageklep"
"Power back door opening position","Openingsstand elektrisch bedienbare bagageklep"
"Power back door operating conditions","Voorwaarden voor werking van de elektrisch bedienbare bagageklep"
"Power back door operation","Werking van elektrisch bedienbare bagageklep"
"Power back door switch","Schakelaar elektrisch bedienbare bagageklep"
"Power consumption","Energieverbruik"
"Power consumption display","Weergave energieverbruik"
"Power control unit","Eenheid voor vermogensregeling"
"Power control unit coolant","Koelvloeistof van de eenheid voor vermogensregeling"
"Power control unit coolant level","Koelvloeistofniveau van eenheid voor vermogensregeling"
"Power control unit coolant reservoir","Koelvloeistofreservoir voor de eenheid voor vermogensregeling"
"Power easy access system","Elektrisch systeem voor gemakkelijke toegang"
"Power indicator","Voedingsindicatielampje"
"Power meter","Vermogensmeter"
"Power mode","Vermogensmodus"
"Power mode indicator","Indicatielampje vermogensmodus"
"Power outlet","Voedingsaansluiting"
"Power plug","Stekker"
"Power seat","Elektrisch bedienbare stoel"
"Power sources","Voedingsbronnen"
"Power sources precautions","Voorzorgsmaatregelen voor voedingsbronnen"
"Power sources that can be used","Te gebruiken voedingsbronnen"
"Power steering","Stuurbekrachtiging"
"Power switch","Contactschakelaar"
"Power switch illumination","Contactschakelaarverlichting"
"Power window","Elektrisch bedienbare ruit"
"Power window lock switch","Schakelaar voor vergrendeling van elektrisch bedienbare ruiten"
"Power window precautions","Voorzorgsmaatregelen voor elektrisch bedienbare ruiten"
"Power window switch","Schakelaar voor elektrisch bedienbare ruiten"
"Power window switches","Schakelaars voor elektrisch bedienbare ruiten"
"Power windows","Elektrisch bedienbare ruiten"
"Power windows open warning buzzer","Waarschuwingszoemer voor geopende elektrisch bedienbare ruiten"
"Pre-collision brake assist","Remhulp van de botswaarschuwing"
"Pre-collision brake control","Remregeling van de botswaarschuwing"
"pre-collision braking","Remmen door de botswaarschuwing"
"Pre-collision braking","Remmen door de botswaarschuwing"
"Pre-collision system","botswaarschuwingssysteem"
"Pre-collision warning","botswaarschuwing"
"Pre-driving check","Controle voordat u gaat rijden"
"Precaution regarding the rear bumper","Waarschuwing met betrekking tot de achterbumper"
"Precautions against towing","Voorzorgsmaatregelen voor trekken"
"Precautions against winter season","Voorzorgsmaatregelen voor de winter"
"Precautions for the emergency tire puncture repair kit","Voorzorgsmaatregelen voor de noodreparatieset voor een lekke band"
"Precautions for use of the sealant","Voorzorgsmaatregelen voor gebruik van het afdichtmiddel"
"Preceding vehicle","Voorgaand voertuig"
"Preceding vehicle deceleration assistance","Hulp bij het afremmen vóór het voorgaande voertuig"
"Pregnant women","Zwangere vrouwen"
"Preparation for winter","Voorbereiding op de winter"
"Preparing and checking before winter","Voorbereiding en controles vóór de winter"
"Press","Indrukken"
"Press and hold","Ingedrukt houden"
"Preventing accidental operation","Onbedoelde bediening voorkomen"
"Preventing damage to leather surfaces","Schade aan leren oppervlakken voorkomen"
"privacy@tgb.toyota.co.uk","privacy@tgb.toyota.co.uk"
"privacy@toyota.be","privacy@toyota.be"
"Proactive Driving Assist","proactieve rijhulp"
"Procedures","Procedures"
"Proper inflation is critical to save tire performance","Een goede bandenspanning is essentieel om te zorgen dat de banden goed blijven presteren"
"Properly sitting in the seat","Op de juiste manier op de stoel zitten"
"Protecting the vehicle interior","Het interieur van de auto beschermen"
"Quantity","Aantal"
"Quick charge","Snelladen"
"R1","R1"
"R2","R2"
"R2X","R2X"
"R3","R3"
"Radar cruise control","Cruisecontrol met radar"
"Radar sensor","Radarsensor"
"Radar sensor cover","Radarsensorkap"
"Radar sensor cover with a heater","Radarsensorkap met verwarming"
"Radar sensors","Radarsensoren"
"Radiant heaters","Stralingsverwarming"
"Radiator","Radiateur"
"Radiator and condenser","Radiateur en condensor"
"Rain","Regen"
"Rain-sensing operation","Werking met regensensor"
"Rain-sensing windshield wipers","Ruitenwissers met regensensor"
"Rain-tight socket","Waterdichte contactdoos"
"Raindrop sensor","Regensensor"
"Rapid charging function","Functie voor snelladen"
"RCTA (Rear Crossing Traffic Alert) function","RCTA-functie (waarschuwing bij achterlangs kruisend verkeer)"
"RCTA buzzer","RCTA-zoemer"
"RCTA function","RTCA-functie"
"RCTA function detection areas","Detectiegebieden van de RCTA-functie"
"Re-enabling the Parking Support Brake","Het remmen tijdens parkeren weer inschakelen"
"Reading this manual","Deze handleiding leiden"
"Rear","Achter"
"Rear camera","Camera aan de achterkant van de auto"
"Rear Camera Detection","detectie met camera achter"
"Rear center seat","Stoel middenachter"
"Rear center sensor","Sensor achter in het midden"
"Rear center sensor detection","Detectie van sensoren middenachter"
"Rear center sensors","Sensoren middenachter"
"Rear corner and rear center sensors","Sensoren achterhoeken en middenachter"
"Rear corner sensor detection","Detectie van sensoren achterhoeken"
"Rear corner sensors","Sensoren achterhoeken"
"Rear Cross Traffic Alert","Waarschuwing bij achterlangs kruisend verkeer"
"Rear Crossing Traffic Alert","Waarschuwing bij achterlangs kruisend verkeer"
"Rear distance guide line","Afstandsgeleidingslijnen achter"
"Rear door child-protector lock","Kindersloten van de achterportier"
"Rear door child-protectors","Kindersloten van de achterportieren"
"Rear eAxle","eAxle achter"
"Rear eAxle fluid type","Vloeistoftype voor eAxle achter"
"Rear electric motor","Elektromotor achter"
"Rear fog light","Mistachterlicht"
"Rear fog light indicator","Indicatielampje mistachterlicht"
"Rear fog lights","Mistlichten achter"
"Rear interior light","Binnenverlichting achter"
"Rear interior light and footwell lights","Interieurverlichting achter en voetverlichting"
"Rear interior lights","Interieurverlichting achter"
"Rear outer seats","Buitenste achterstoelen"
"Rear passengers’ seat belt reminder lights","Herinneringslampjes veiligheidsgordels achterpassagiers"
"Rear passengers’ seat belt warning buzzer","Waarschuwingszoemer veiligheidsgordels achterpassagiers"
"Rear pillars","Achterstijlen"
"Rear seat heater switches","Schakelaars voor stoelverwarming achter"
"Rear seat reminder","Herinnering achterstoelen"
"Rear seat reminder function","Functie voor herinnering achterstoelen"
"Rear seats","Achterstoelen"
"Rear side radar sensors","Radarsensoren achter"
"Rear side sensors","Zijsensoren achter"
"Rear Vehicle Approaching Indication","Indicatie naderend voertuig van achteren"
"Rear view & dual side views/wide rear view & dual side views","Zicht aan achterzijde en dubbel zijzicht/breed zicht aan achterzijde en dubbel zijzicht"
"Rear view & dual side views/wide rear view & dual side views display","Weergave Zicht aan achterzijde en dubbel zijzicht/breed zicht aan achterzijde en dubbel zijzicht"
"Rear view & panoramic view","Zicht aan achterzijde en panoramazicht"
"Rear view & panoramic view/wide rear view & panoramic view display","Zicht aan achterzijde en panoramazicht/breed zicht aan achterzijde en panoramazichtweergave"
"Rear view mirror","Achteruitkijkspiegel"
"Rear window","Achterruit"
"Rear window and outside rear view mirror defogger switch","Schakelaar voor ontwaseming achterruit en buitenspiegels"
"Rear window and outside rear view mirror defoggers switch","Schakelaar voor ontwaseming achterruit en buitenspiegels"
"Rear window defogger","Achterruitverwarming"
"Rearward-facing infant seat","Naar achteren gericht babyzitje"
"Recall procedure","Procedure voor oproepen"
"Recalled functions","Opgeroepen functies"
"Recalling the driving position using the memory recall function","De rijpositie oproepen met de geheugenfunctie"
"Receptacles containing gasoline","Verpakkingen met benzine"
"Recharging cellular phones or cordless phones","Opladers van mobiele telefoons of draadloze telefoons"
"Recharging function","Functie voor opnieuw opladen"
"Recommended child restraint system","Aanbevolen kinderzitje"
"Recommended child restraint systems information","Informatie over aanbevolen kinderzitjes"
"Recording procedure","Procedure voor opslaan"
"Recovering procedure","Procedure voor het bevrijden van de auto"
"Reduced-height, forward-facing child restraint systems","Naar voren gerichte kinderzitjes met beperkte hoogte"
"Reduced-size, rearward-facing child restraint systems","Naar achteren gerichte kinderzitjes van beperkt formaat"
"Reduced driving comfort and poor handling","Verminderd rijcomfort en slechte rijeigenschappen"
"Reduced effectiveness of the EPS system","Verminderde effectiviteit van het EPS-systeem (elektrische stuurbekrachtiging)"
"Reduced electricity consumption efficiency","Hoger elektriciteitsverbruik"
"Reduced safety","Verminderde veiligheid"
"Reduced tire life due to wear","Meer slijtage en kortere levensduur van de banden"
"Reference","Meer informatie"
"Regeneration restrictions reference display","Weergave van informatie over regeneratiebeperkingen"
"Regenerative braking","Regeneratief remmen"
"regenerative braking power indicator","indicatielampje regeneratief remvermogen"
"Registering ID codes","Registreren van id-codes"
"Registering procedure","Registratieprocedure"
"Registering the charging schedule","Instellen van de laadplanning"
"Regulations on the use of tire chains","Voorschriften voor het gebruik van sneeuwkettingen"
"relatii.clienti@toyota.ro","relatii.clienti@toyota.ro"
"Relative speed between your vehicle and object","Relatieve snelheid tussen uw auto en het object"
"Reminder light and buzzer","Herinneringslampje en -zoemer"
"Remote Air Conditioning System","Aircosysteem op afstand"
"Remote Air Conditioning System automatic shut-off","Automatische uitschakeling van het aircosysteem op afstand"
"Remote switch","Afstandsschakelaar"
"Removing a child restraint system installed with a seat belt","Verwijderen van een kinderzitje bevestigd met een veiligheidsgordel"
"Removing the air conditioning filter","Het aircofilter verwijderen"
"Removing the head restraints","Verwijderen van de hoofdsteunen"
"Removing the luggage cover","Verwijderen van de hoedenplank"
"Repairing or replacing snow tires","Repareren of vervangen van winterbanden"
"Repeated setting","Herhalingsinstelling"
"Replacing","Verwisselen"
"Replacing a flat tire","Een wiel met een lekke band verwisselen"
"Replacing light bulbs","Lampjes vervangen"
"Replacing method","Vervangingsmethode"
"Replacing the tire","Een wiel verwisselen"
"Replacing tire pressure warning valves and transmitters","Ventielen en zenders voor waarschuwing voor de bandenspanning vervangen"
"Replacing tires","Banden vervangen"
"Replacing wheels","Velgen vervangen"
"Reservoir","Reservoir"
"Reservoir cap","Dop van reservoir"
"Reset/Display customizable items","Resetten/aanpasbare onderdelen weergeven"
"Residential area beginning","Begin woonerf"
"Residential area ending","Einde woonerf"
"Restraining sudden start","Tegengaan van plotselinge bewegingen"
"Retaining hooks","Bevestigingshaken"
"Return button","Knop Terug"
"Return switch","Terugkeerknop"
"Return to the previous screen","Terug naar het vorige scherm"
"Returning the rear seatbacks","Terugklappen van de rugleuningen van de achterstoelen"
"Reverse estimated course lines","Geschatte richtingslijnen bij achteruitrijden"
"Reverse warning buzzer","Waarschuwingszoemer achteruitrijden"
"Reversing","Achteruit rijden"
"Riding with children","Rijden met kinderen aan boord"
"Right","Rechts"
"Right-hand drive vehicles","Auto’s met stuur rechts"
"Right-hand side temperature control switch","Schakelaar voor temperatuurregeling rechts"
"Right lateral-facing infant seat","Naar rechts gericht babyzitje"
"Right side instrument panel","Instrumentenpaneel rechts"
"Right turn","Rechts afslaan"
"Road accident cautions","Waarschuwingen bij verkeersongevallen"
"Road condition","Rijomstandigheid"
"Road Sign Assist","verkeersbordherkenning"
"Romania","Roemenië"
"Roof luggage carrier","Dakbagagedrager"
"Roof side rails","Zijrails van het dak"
"rope hook","touwhaak"
"Rotary shifter","Draaiknop voor versnellingskeuze"
"Rotary shifter display","Weergave van draaiknop voor versnellingskeuze"
"Rotating tires","Wielen omwisselen"
"Rough road surfaces","Slechte wegen"
"Route guidance to destination","Routegeleiding naar bestemming"
"Routine inspection","Routine-inspectie"
"Routine tire inflation pressure checks","Routinecontrole van de bandenspanning"
"S-FLOW","S-FLOW"
"S PEDAL DRIVE indicator","Indicatielampje S-PEDAL DRIVE"
"S PEDAL DRIVE switch","Schakelaar S-PEDAL DRIVE"
"Safe driving support function","Functie ter ondersteuning van veilig rijden"
"Safe Exit Assist","assistentie voor veilig uitstappen)"
"Safe exit assist operation","Werking van assistentie voor veilig uitstappen"
"Safety function","Beveiliging"
"Safety glasses","Veiligheidsbril"
"Scheduled maintenance","Gepland onderhoud"
"Scrapping of your SUBARU","Afvoeren van uw SUBARU"
"Searching by installation position","Zoeken op installatiepositie"
"Searching by name","Zoeken op naam"
"Searching by symptom or sound","Zoeken op symptoom of geluid"
"Searching by title","Zoeken op titel"
"seat adjustment","afstelling van stoelen"
"Seat adjustment caution","Waarschuwing bij afstelling van stoelen"
"Seat belt","Veiligheidsgordel"
"Seat belt attachment","Bevestiging van veiligheidsgordel"
"Seat belt damage and wear","Beschadiging en slijtage van een veiligheidsgordel"
"Seat belt precautions","Voorzorgsmaatregelen voor veiligheidsgordels"
"Seat belt pretensioner system","Gordelspannersysteem"
"Seat belt pretensioners","Gordelspanners"
"Seat belt pretensioners and force limiters","Gordelspanners en gordelkrachtbegrenzers"
"Seat belt regulations","Voorschriften voor veiligheidsgordels"
"Seat belt reminder light","Herinneringslampje veiligheidsgordel"
"Seat belt shoulder anchor height","Hoogte van schoudergordelklem"
"Seat belts","Veiligheidsgordels"
"Seat cushion (front) angle adjustment switch","Schakelaar voor de hoekafstelling van het zitkussen (voor)"
"Seat heater switches","Schakelaars voor stoelverwarming"
"Seat heaters","Stoelverwarming"
"Seat heaters operation","Werking van stoelverwarming"
"Seat position adjustment lever","Hendel voor afstelling van stoelpositie"
"Seat position adjustment switch","Schakelaar voor afstelling van stoelpositie"
"Seat position memory","Stoelpositiegeheugen"
"Seat position number","Nummer van stoelpositie"
"Seat upholstery","Stoelbekleding"
"Seatback angle adjustment lever","Hendel voor afstelling van hoek van rugleuning"
"Seatback angle adjustment switch","Schakelaar voor afstelling van hoek van rugleuning"
"Seating position","Stoelpositie"
"Seating position suitable for lateral fixture","Stoelpositie geschikt voor laterale bevestiging"
"Seating position suitable for universal belted","Stoelpositie geschikt voor universeel kinderzitje met gordel"
"Seats","Stoelen"
"Second position","Tweede stand"
"Secondary Collision Brake","Remmen tegen tweede botsing"
"Secondary Collision Brake automatic cancellation","Automatische uitschakeling van remmen tegen tweede botsing"
"Secondary Collision Brake operating conditions","Voorwaarden voor de werking van remmen tegen tweede botsing"
"Security feature","Beveiliging"
"Security indicator","Indicatielampje beveiliging"
"Selecting the driving mode","De rijmodus selecteren"
"Selecting tire chains","Sneeuwkettingen kiezen"
"Selecting wheel set","De wielset selecteren"
"Self-restoring coat","Zelfherstellende coating"
"Sensor","Sensor"
"Sensor detection information","Informatie over de sensordetectie"
"Server","Server"
"Service plug","Serviceaansluiting"
"Service responsible for handling access requests","Dienst verantwoordelijk voor behandeling van toegangsverzoeken"
"Set cooling and dehumidification function","Instellen van de koel- en ontvochtigingsfunctie"
"Setting","Instellen"
"Setting procedure","Instelprocedure"
"Setting/canceling the double locking system","Instellen/uitschakelen van het dubbel vergrendelingssysteem"
"Setting/canceling/stopping the alarm system","Instellen/uitschakelen/stoppen van het alarmsysteem"
"Settings","Instellingen"
"Settings display","Weergave van instellingen"
"Severe driving","Hevig rijden"
"Shaded high beam","Afgeschermd grootlicht"
"Shampooing the carpets","Met shampoo wassen van de vloerbedekking"
"Sharply-angled objects","Objecten met scherpe hoeken"
"Shift lever","Versnellingshendel"
"Shift lights","Schakelverlichting"
"Shift position","Versnellingsstand"
"Shift position indicator","Versnellingsindicator"
"Shift position linked door locking function","Aan versnellingsstand gekoppelde functie voor portiervergrendeling"
"Shift position linked door unlocking function","Aan versnellingsstand gekoppelde functie voor portierontgrendeling"
"Shift position operation","Schakelen"
"Shift position purpose and functions","Doel en functie van versnellingen"
"Short","Klein"
"Short beep","Korte piep"
"Side airbag operating conditions","Voorwaarden voor activering van de zijairbags"
"Side airbag precautions","Voorzorgsmaatregelen voor zijairbags"
"Side airbags","Zijairbags"
"Side and curtain shield airbags operating conditions","Voorwaarden voor activering van de zij- en gordijnairbags"
"Side and curtain shield airbags precautions","Voorzorgsmaatregelen voor zij- en gordijnairbags"
"Side chain","Zijketting"
"Side doors","Portieren"
"Side impact sensors","Botssensoren zijkant"
"Side mirrors","Zijspiegels"
"Side pillars","Zijstijlen"
"Side turn signal lights","Richtingaanwijzers zijkant"
"Side view & Rear view","Zijzicht en zicht aan achterzijde"
"Side view & Wide front view","Zijzicht en breed zicht aan voorzijde"
"Side view & Wide rear view","Zijzicht en breed zicht aan achterzijde"
"Side views","Zicht aan de zijkanten"
"Situation","Situatie"
"Situations in which the system may not operate properly","Situaties waarin het systeem mogelijk niet naar behoren werkt"
"Situations in which the tire pressure warning system may not operate properly","Situaties waarin het waarschuwingssysteem voor de bandenspanning mogelijk niet naar behoren werkt"
"Situations when it is necessary to contact dealers before towing","Situaties waarin u contact moet opnemen met een dealer voordat er wordt gesleept"
"Size","Formaat"
"Size class","Lengteklasse"
"Slip indicator","Slipindicatielampje"
"Slovenia","Slovenië"
"Slow","Langzaam"
"Slow charge","Langzaam laden"
"Small flathead screwdriver","Kleine platte schroevendraaier"
"Smart door unlocking","Slimme deurontgrendeling"
"Smart entry & start system","Smart Entry met startsysteem"
"Smart entry & start system indicator","Indicatielampje Smart Entry met startsysteem"
"Smart entry and start system","Smart Entry met startsysteem"
"Smart entry and start system indicator","Indicatielampje Smart Entry met startsysteem"
"Smart transmitter","Slimme afstandsbediening"
"Smart tuner","Slimme tuner"
"Snow plows","Sneeuwschuivers"
"Snow tires","Winterbanden"
"SNOW/DIRT mode","SNOW/DIRT-modus"
"SNOW/DIRT mode indicator","Indicatielampje SNOW/DIRT-modus"
"SNOW•DIRT Mode","Modus SNEEUW/ONVERHARD"
"SOC (State of Charge) gauge","Laadstatusmeter"
"Software update","Software-update"
"Solution","Oplossing"
"Spain","Spanje"
"Speaker","Luidspreker"
"Specification","Specificatie"
"Specifications","Specificaties"
"Speech command window operation","Werking van het spraakcommandovenster"
"Speed limit begins/Maximum speed zone begins","Begin van maximumsnelheid(szone)"
"Speed limit change notification","Melding wijziging snelheidslimiet"
"Speed limit ends/Maximum speed zone ends","Einde van maximumsnelheid(szone)"
"Speed limit related information","Informatie over snelheidslimiet"
"Speed limit road signs","Verkeersborden met een maximumsnelheid"
"Speed limit with supplemental mark","Snelheidslimiet met onderbord"
"Speed limiter","Snelheidsbegrenzer"
"Speed limiter indicator","Indicatielampje snelheidsbegrenzer"
"Speed limiter switch","Schakelaar voor snelheidsbegrenzer"
"Speed limiter with Road Sign Assist","Snelheidsbegrenzer met verkeersbordherkenning"
"Speed linked door locking function","Aan snelheid gekoppelde functie voor portiervergrendeling"
"Speed setting","Snelheidsinstelling"
"Speedometer","Snelheidsmeter"
"Spherical portion","Bolle gedeelte"
"Sport mode","Sportmodus"
"SRS airbag","SRS-airbag"
"SRS airbag deployment conditions","Voorwaarden voor activering van de SRS-airbags"
"SRS airbag precautions","Voorzorgsmaatregelen voor SRS-airbags"
"SRS airbag system","SRS-airbagsysteem"
"SRS airbag system components","Onderdelen van het SRS-airbagsysteem"
"SRS airbags","SRS-airbags"
"SRS curtain shield airbags","SRS-gordijnairbags"
"SRS driver airbag/front passenger airbag","SRS-airbag bestuurder/airbag voorpassagier"
"SRS front airbags","SRS-frontairbags"
"SRS front center airbag","SRS-frontairbag in het midden"
"SRS front center airbags","SRS-frontairbags in het midden"
"SRS front passenger airbag","SRS-airbag voor voorpassagier"
"SRS Front Seat Center AirBag","SRS-airbag midden tussen de voorstoelen"
"SRS knee airbag","SRS-knieairbag"
"SRS side airbags","SRS-zijairbags"
"SRS side and curtain shield airbags","SRS-zij- en SRS-gordijnairbags"
"SRS warning light","SRS-waarschuwingslampje"
"Standard","Norm"
"Starting off on a steep uphill","Heuvelopwaarts optrekken op een steile helling"
"Steering","Stuurinrichting"
"Steering icon","Stuurpictogram"
"Steering lock","Stuurslot"
"Steering lock function","Stuurslotfunctie"
"Steering lock system warning message","Waarschuwingsmelding van het stuurslotsysteem"
"Steering parts","Onderdelen van de stuurinrichting"
"Steering wheel","Stuur"
"Steps to take in an emergency","Te ondernemen stappen bij een noodsituatie"
"Sticker","Sticker"
"Stop","Stop"
"Stop hold phase","Stopvasthoudfase"
"Stop light indicator","Indicatielampje remlichten"
"Stop lights","Remlichten"
"stopped vehicles","stilstaande voertuigen"
"Stopping the vehicle","De auto tot stilstand brengen"
"Storage","Opslag"
"Storage feature","Opslagvoorziening"
"Storage location","Opslaglocatie"
"Storage precautions","Voorzorgsmaatregelen voor opslag"
"Strange noises related to suspension movement","Vreemde geluiden bij beweging van de ophanging"
"Strange noises related to the suspension system","Vreemde geluiden van de ophanging"
"Stuck","Vastzitten"
"SUBARU","SUBARU"
"SUBARU Care","SUBARU Care"
"SUBARU Park Assist 3D Display","3D-weergave SUBARU-parkeerhulp"
"SUBARU Park Assist Distance","Afstand SUBARU-parkeerhulp"
"SUBARU Parking Assist","SUBARU-parkeerhulp"
"SUBARU Parking Assist buzzer","Zoemer van SUBARU-parkeerhulp"
"SUBARU Parking Assist detection indicator","Indicatielampje SUBARU-parkeerhulpdetectie"
"SUBARU Parking Assist linked display","Weergave gekoppeld aan SUBARU-parkeerhulp"
"SUBARU Parking Assist monitor","Scherm voor SUBARU-parkeerhulp"
"SUBARU Parking Assist mute button","Toets voor het dempen van het geluid van SUBARU-parkeerhulp"
"SUBARU Parking Assist OFF","SUBARU-parkeerhulp UIT"
"SUBARU Parking Assist OFF indicator","Indicatielampje SUBARU-parkeerhulp UIT"
"SUBARU Parking Assist pop-up display","Pop-upscherm SUBARU-parkeerhulp"
"SUBARU Parking Assist sensor","SUBARU-parkeerhulpsensor"
"SUBARU Parking Assist sensor buzzer","Zoemer van SUBARU-parkeerhulpsensor"
"SUBARU Parking Assist sensor on/off","SUBARU-parkeerhulpsensor aan/uit"
"SUBARU Safety Sense","SUBARU Safety Sense"
"SUBARU Safety Sense software update","Update van SUBARU Safety Sense-software"
"Sudden start restraint control","Regeling om plotselinge bewegingen tegen te gaan"
"Suggestion function","Suggestiefunctie"
"Suitable forward facing fixture","Geschikt voor bevestiging naar voren gericht kinderzitje"
"Suitable junior seat fixture","Geschikt voor bevestiging van peuterzitje"
"Suitable rearward facing fixture","Geschikt voor bevestiging naar achteren gericht kinderzitje"
"Summary of the driving assist systems","Samenvatting van de rijhulpsystemen"
"Summary of the system","Overzicht van het systeem"
"Sun visors","Zonnekleppen"
"Sunshade","Zonnescherm"
"Supplemental mark exists","Onderbord aanwezig"
"Supply type","Voedingstype"
"Support sensitivity","Ondersteuningsgevoeligheid"
"Suspension ball joints and dust covers","Kogelgewrichten en stofkappen ophanging"
"Suspension of the settings display","Tijdelijke uitschakeling van de weergave van instellingen"
"Suspension parts","Onderdelen van de ophanging"
"Sweden","Zweden"
"switch","Schakelaar"
"Switching the display","Overschakelen van de weergave"
"Switching the door unlock function","Overschakelen van de functie voor portierontgrendeling"
"Switching the meter display","Overschakelen van de meterweergave"
"Switzerland","Zwitserland"
"Symbols","Symbool"
"Symbols in illustrations","Symbolen in afbeeldingen"
"Symbols in this manual","Symbolen in deze handleiding"
"Symptom","Symptoom"
"System component","Systeemcomponent"
"System components","Systeemonderdelen"
"System controls","Systeemregeling"
"System disabled","Systeem uitgeschakeld"
"System functions","Systeemfuncties"
"System maintenance","Onderhoud van het systeem"
"System operating conditions","Voorwaarden voor de werking van het systeem"
"System operation display","Weergave van de werking van het systeem"
"System overview","Systeemoverzicht"
"System overview of added service","Overzicht van toegevoegde diensten van het systeem"
"Table lamps","Tafellampen"
"Table of contents","Inhoudsopgave"
"Tail light indicator","Indicatielampje achterlicht"
"Tail lights","Achterlichten"
"Talk switch","Spreekschakelaar"
"TEL switch","TEL-schakelaar"
"Temperature detection function","Functie voor temperatuurdetectie"
"Temporary cancelation of functions","Tijdelijke uitschakeling van functies"
"Temporary operation","Eén keer wissen"
"Terminals","Aansluitingen"
"The camera","De camera"
"The rear door cannot be opened","Het achterportier kan niet worden geopend"
"Theft deterrent system","Antidiefstalsysteem"
"Ticket holders","Kaarthouders"
"tietosuoja@toyota.fi","tietosuoja@toyota.fi"
"Tightening torque","Aanhaalkoppel"
"Tilt and telescopic steering control switch","Schakelaar voor kantelen en intrekken/uitschuiven van stuur"
"Tilt and telescopic steering lock release lever","Schakelaar voor ontgrendeling van kantelen en in-/uitschuiven van het stuur"
"Tilt meter","Hellingmeter"
"Tilt meter display","Weergave hellingmeter"
"Tilt sensor","Kantelsensor"
"Time","Tijd"
"Tire","Wiel"
"Tire chain installation","Aanbrengen van sneeuwkettingen"
"Tire inflation pressure","Bandenspanning"
"Tire inflation pressure display function","Weergavefunctie voor bandenspanning"
"Tire information","Informatie over banden"
"Tire life","Levensduur van banden"
"Tire pressure","Bandenspanning"
"Tire pressure gauge","Bandenspanningsmeter"
"Tire pressure warning light","Waarschuwingslampje bandenspanning"
"Tire pressure warning reset switch","Resetschakelaar voor de waarschuwing voor de bandenspanning"
"Tire pressure warning system","Waarschuwingssysteem bandenspanning"
"Tire rotation","Wielen omwisselen"
"Tire size","Bandenmaat"
"Tire size/inflation pressure","Bandenmaat/bandenspanning"
"Tires","Banden"
"Tires and inflation pressure","Bandenspanning en vuldruk"
"Tires and wheels","Banden en wielen"
"tmi.dpo@toyota-europe.com","tmi.dpo@toyota-europe.com"
"To prevent burns","Om brandwonden te voorkomen"
"Tools","Gereedschap"
"Top strap","Bovenste band"
"Top tether anchorage attachment","Bevestiging van “top tether”"
"Top tether anchorages","“Top tether”-bevestigingspunten"
"Torque distribution","Koppelverdeling"
"Total average","Gemiddelde totaal"
"Total Time","Totale tijd"
"Total trailer weight","Totale aanhangermassa"
"Total trailer weight and permissible drawbar load","Totale aanhangermassa en toegestane belasting van de trekbalk"
"Towing","Trekken"
"Towing capacity","Maximaal getrokken massa"
"Towing eyelet","Sleepoog"
"Towing hitch/Bicycle holder bracket","Trekhaak/beugel voor fietsendrager"
"Towing hitch/bracket","Trekhaak/trekbeugel"
"Towing with a sling-type truck","Slepen met een kraanwagen"
"Towing with a wheel-lift type truck","Slepen met een lepelwagen"
"Toyota parking assist-sensor","Toyota-parkeerhulpsensor"
"Toyota Safety Sense","Toyota Safety Sense"
"Toyota Smart Center","Toyota Smart Center"
"Toyota.Datenschutz@toyota.de","Toyota.Datenschutz@toyota.de"
"toyota@toyota.dk og","toyota@toyota.dk og"
"traction battery","Tractiebatterij"
"Traction battery","Tractiebatterij"
"Traction battery charge","Opladen van de tractiebatterij"
"Traction battery charge warning light","Waarschuwingslampje tractiebatterij"
"Traction battery charger","Tractiebatterijlader"
"Traction battery coolant","Koelvloeistof tractiebatterij"
"Traction battery cooler","Tractiebatterijkoeler"
"Traction battery heater","Tractiebatterijverwarming"
"Traction battery type","Type tractiebatterij"
"Traction battery warming control","Regeling van de tractiebatterijverwarming"
"Traction Control","tractieregeling"
"Traction motor","tractiemotor"
"Traction related parts","Onderdelen van de aandrijflijn"
"Trademark information","Informatie over handelsmerken"
"Trailer lights","Aanhangerverlichting"
"Trailer Sway Control","slingerbeheersing van aanhanger"
"Trailer Sway Control precaution","Voorzorgsmaatregelen voor Trailer Sway Control (slingerbeheersing van aanhanger)"
"Trailer towing","Trekken van een aanhanger"
"Trailer towing precautions","Voorzorgsmaatregelen voor het trekken van een aanhanger"
"Transaxle fluid","Transaxlevloeistof"
"Transmission:","Transmissie:"
"Tray within console box","Bak in het consolevak"
"TRC","TRC"
"Tread","Spoorbreedte"
"Treadwear indicator","Slijtage-indicator van het loopvlak"
"Triggering of the alarm","Activering van het alarm"
"Trip average","Gemiddelde rit"
"Trip meter A/Trip meter B","Dagteller A/dagteller B"
"Trip meters","Dagtellers"
"Truss bridges","Vakwerkbruggen"
"Tunnels","Tunnels"
"Türkiye","Türkiye"
"Turn signal indicator","Indicatielampje richtingaanwijzers"
"Turn signal lever","Hendel voor richtingaanwijzers"
"Turn signal lights","Richtingaanwijzers"
"Turn signals can be operated when","De richtingaanwijzers kunnen worden bediend wanneer"
"Turning on the high beam headlights","Grootlicht inschakelen"
"Turning the Blind Spot Monitor on/off","De dodehoekbewaking in-/uitschakelen"
"Turning the high beams on/off manually","Het grootlicht handmatig in-/uitschakelen"
"Turning the RCTA function on/off","De RCTA-functie in-/uitschakelen"
"Type A","Type A"
"Type B","Type B"
"Type C","Type C"
"Types of data and its recipients","Gegevenstypes en ontvangers"
"Types of sensors","Sensortypes"
"™","™"
"UN(ECE) R129 approval mark","Goedkeuringsmerkteken voor UN(ECE) R129"
"UN(ECE) R44 approval mark","Goedkeuringsmerkteken voor UN(ECE) R44"
"Uneven wear","Ongelijkmatige slijtage"
"Units","Meeteenheden"
"Unlock","Ontgrendelen"
"Unlocking function","Ontgrendelfunctie"
"Unlocking operation","Ontgrendeling"
"Updating the software","Bijwerken van de software"
"Upper hook","Bovenste haak"
"Urban area beginning","Begin bebouwde kom"
"Urban area ending","Einde bebouwde kom"
"Usable temperature range","Temperatuurbereik voor gebruik"
"Usage","Gebruik"
"Usage in winter time","Gebruik in de winter"
"USB charging ports","USB-laadpoorten"
"USB Type-C charging ports","USB-C-laadpoorten"
"Used wheels","Gebruikte velgen"
"Using automatic mode","De automatische modus gebruiken"
"Using the air conditioning system and defogger","Gebruik van het aircosysteem en de ontwasemer"
"Using the driving support systems","Gebruik van de rijhulpsystemen"
"Using the interior lights","Gebruik van de interieurverlichting"
"Using the other interior features","Gebruik van de andere interieurvoorzieningen"
"Using the storage features","Gebruik van de opslagvoorzieningen"
"Using the voice control system","Het spraakbesturingssysteem gebruiken"
"Using the wireless remote control","Gebruik van de draadloze afstandsbediening"
"utility hook","voorzieningenhaak"
"Utility vehicle feature","Kenmerk van SUV’s"
"Utility vehicle precautions","Voorzorgsmaatregelen voor SUV’s"
"Vanity lights","Make-uplampjes"
"Vanity mirrors","Make-upspiegels"
"Vehicle","Voertuig"
"Vehicle-equipped jack","Krik bij de auto"
"Vehicle-to-vehicle distance","Afstand tot voorligger"
"Vehicle-to-vehicle distance setting","Instelling van afstand tot voorligger"
"Vehicle-to-vehicle distance switch","Schakelaar voor afstand tot de voorligger"
"Vehicle condition","Staat van auto"
"Vehicle customization","Voertuiginstellingen"
"Vehicle data recording","Vastlegging van voertuiggegevens"
"Vehicle identification","Voertuigidentificatie"
"Vehicle identification number","Voertuigidentificatienummer"
"Vehicle information display","Weergave van voertuiginformatie"
"Vehicle rollover","Over de kop slaan van de auto"
"Vehicle specifications","Voertuigspecificaties"
"Vehicle speed","Rijsnelheid"
"Vehicle speed in towing","Rijsnelheid tijdens het trekken van een aanhanger"
"Vehicle Stability Control","voertuigstabiliteitsregeling"
"Vehicle Stability Control+","voertuigstabiliteitsregeling+"
"Vehicle status information and indicators","Voertuigstatusinformatie en indicatielampjes"
"vehicles with towing packages","Auto’s met trekpakket"
"Ventilation and air conditioning odors","Geuren van ventilatie en airco"
"Vertical adjustment","Hoogteverstelling"
"Vertical height adjustment lever","Hendel voor hoogteverstelling"
"Vertical height adjustment switch","Schakelaar voor hoogteverstelling"
"Vibration","Trilling"
"VIEW switch","WEERGAVE-schakelaar"
"Visible symptoms","Zichtbare symptomen"
"Visual","Visueel"
"Visual & Audible","Visueel en Hoorbaar"
"Voice notifications","Gesproken meldingen"
"Voltage","Spanning"
"Voltage range","Spanningsbereik"
"VSC OFF indicator","Indicatielampje VSC UIT"
"VSC off switch","Schakelaar VSC UIT"
"Warms up the grip of the steering wheel","Verwarmt de buitenkant van het stuur"
"WARNING","WAARSCHUWING"
"Warning buzzer","Waarschuwingszoemer"
"Warning buzzer/message","Waarschuwingszoemer/-melding"
"Warning function","Waarschuwingsfunctie"
"Warning label","Waarschuwingsetiket"
"Warning light","Waarschuwingslampje"
"Warning lights","Waarschuwingslampjes"
"Warning lights and indicators","Waarschuwingslampjes en indicatielampjes"
"Warning lights and indicators displayed on the instrument cluster","Waarschuwingslampjes en indicatielampjes op het instrumentenpaneel"
"Warning lights/indicator lights","Waarschuwingslampjes/indicatielampjes"
"Warning message","Waarschuwingsmelding"
"Warning message display","Weergave van waarschuwingsmeldingen"
"Warning messages","Waarschuwingsmeldingen"
"Warning messages and buzzers","Waarschuwingsmeldingen en zoemers"
"Warning phase","Waarschuwingsfase"
"Warning phase 1","Waarschuwingsfase 1"
"Warning phase 2","Waarschuwingsfase 2"
"Warning reflector","Gevarendriehoek"
"Warning symbols","Waarschuwingssymbolen"
"Warning timing","Waarschuwingsmoment"
"Washer","Ruitensproeier"
"Washer","Sluitring"
"Washer fluid","Ruitensproeiervloeistof"
"Washer fluid tank","Ruitensproeierreservoir"
"Washer/wiper dual operation","Inschakelen van ruitenwisser en -sproeier tegelijk"
"Washing and waxing","Wassen en in de was zetten"
"Water pump","Waterpomp"
"Wearing a seat belt","Een veiligheidsgordel dragen"
"Weight limits","Gewichtslimieten"
"What about do-it-yourself maintenance?","Het onderhoud zelf uitvoeren"
"Wheel bolt socket","Wielboutdop"
"Wheel bolt torque","Aanhaalkoppel van wielbouten"
"Wheel bolt wrench","Wielsleutel"
"Wheel bolts","Wielbouten"
"Wheel chock positions","Positie van wielblok"
"Wheel deformation and/or tire damage","Vervorming van de wielen en/of schade aan de banden"
"Wheel selection","Velgen kiezen"
"Wheel size","Velgmaat"
"Wheelbase","Wielbasis"
"Wheels","Velgen"
"Wheels and wheel ornaments","Velgen en siervelgen"
"Wheels of different sizes or types","Velgen met verschillende maten of van verschillende types"
"When functioning abnormally","Wanneer deze abnormaal werkt"
"When replacing the battery","Bij het vervangen van de batterij"
"When rotating the tires","Wanneer u de wielen omwisselt"
"When the warning lights come on","Wanneer de waarschuwingslampjes gaan branden"
"When the warning messages are displayed","Wanneer de waarschuwingsmeldingen worden weergegeven"
"When to initialize","Wanneer initialisatie nodig is"
"When trouble arises","Wanneer zich problemen voordoen"
"White","Wit"
"Winches","Lieren"
"Window glasses","Ruiten"
"window lock switch","Schakelaar voor ruitvergrendeling"
"Window lock switch","Schakelaar voor ruitvergrendeling"
"Windows","Ruiten"
"Windshield","Voorruit"
"Windshield defogger","Voorruitontwaseming"
"Windshield defogger switch","Schakelaar voor voorruitontwaseming"
"Windshield wiper and washer switch","Schakelaar voor ruitenwissers en -sproeier"
"Windshield wiper de-icer","Ruitenwisserverwarming"
"Windshield wiper de-icer switch","Schakelaar voor ruitenwisserverwarming"
"Windshield wipers","Ruitenwissers"
"Windshield wipers and washer","Ruitenwissers en -sproeier"
"Windshield wipers and washer switch","Schakelaar voor ruitenwissers en -sproeier"
"Winter drive tips","Rijtips voor de winter"
"Winter driving tips","Rijtips voor de winter"
"Winter tires/tire chain","Winterbanden/sneeuwkettingen"
"Wiper lever","Ruitenwisserhendel"
"Wireless charger","Draadloze lader"
"Wireless charger tray lights","Verlichting voor draadloos oplaadvak"
"Wireless remote control","Draadloze afstandsbediening"
"Wireless remote control linked operation","Werking gekoppeld aan draadloze afstandsbediening"
"Wireless remote control linked operation signal","Signaal bij werking gekoppeld aan draadloze afstandsbediening"
"Worn tread","Versleten loopvlak"
"www.toyota-europe.com","www.toyota-europe.com"
"www.toyota.nl/klantenservice","www.toyota.nl/klantenservice"
"X-MODE","X-MODE"
"X-MODE switch","Schakelaar X-MODE"
"X Mode Switch","Schakelaar X-modus"
"Yellow","Geel"
"You lose your keys","U verliest uw sleutels"
"door","portier"
"outlet","contactdoos"
"Proactive Driving Assist","proactieve rijhulp"
"as a reference only","slechts als indicatie"
"as a reference","als indicatie"
"warning buzzers","waarschuwingszoemers"
"door lock buzzer","zoemer voor portiervergrendeling"
"door lock switch","schakelaar voor portiervergrendeling."
"luggage compartment","bagageruimte"
"back door handles","handgrepen van de bagageklep"
"kick sensor","trapsensor"
"interior alarm","interieuralarm"
"radio waves","radiogolven"
"luggage cover","hoedenplank"
"battery-saving mode","batterijspaarmodus"
"digital anti-glare mode indicator","indicatielampje voor de digitale antischittermodus"
"seatback angle adjustment","afstelling van hoek van rugleuning"
"seat cushion (front) angle adjustment","hoekafstelling van het zitkussen (voor)"
"vertical height adjustment","hoogteverstelling"
"outer mirror angle adjustment","afstelling van de buitenspiegelhoek"
"infrared rays","infraroodstraling"
"parking assist-sensor","parkeerhulpsensor"
"brake pedal","rempedaal"
"parking brake","parkeerrem"
"original position","oorspronkelijke stand"
"swivel for curves","meedraaien in bochten"
"self-luminous light sources","zelflichtgevende lichtbronnen"
"switch ring","skakelring"
"wiper switch","schakelaar voor de ruitenwissers"
"water repellent coating","waterafstotende coating"
"normal position","normale stand"
"retracted position","parkeerstand"
"surrounding conditions","omgevingsomstandigheden"
"license plate covers","kentekenplaathouders"
"grill badges","grille-emblemen"
"license plates","kentekenplaten"
"radar waves","radarstralen"
"SSS control unit","SSS-regeleenheid"
"air intake vent","luchtinlaat"
"truss bridge","vakwerkbrug"
"camera monitoring","camerabewaking"
"acceleration suppression at low speed","acceleratieonderdrukking bij lage snelheid"
"lane lines","rijstrookmarkeringen"
"lane change","rijstrookverandering"
"lane or course","rijstrook of weg"
"detectable object","detecteerbaar object"
"detected object","gedetecteerd object"
"target object","doelobject"
"moving object","bewegend object"
"static object","stilstaand object"
"traffic cones"."verkeerskegels"
"output restriction control","vermogensbegrenzing"
"eco run mode","eco-rijmodus"
"driving assist mode","rijhulpmodus"
"passing lane","inhaalrijstrook"
"deceleration assistance","hulp bij het afremmen"
